party_name,candidate_name,candidate_id,deputy_name,has_details,detail_url
PAN,SANTIAGO CREEL MIRANDA,10801,JULIO CASTILLO LOPEZ,True,https://portalanterior.ine.mx/archivos2/portal/Elecciones/2016/PELocales/tipo/unica/CdMex/CandidatasyCandidatos/detalle.html#!/Candidato/10801
PAN,MARGARITA SALDAÑA HERNANDEZ,10805,MARIANA RANGEL GUERRERO,True,https://portalanterior.ine.mx/archivos2/portal/Elecciones/2016/PELocales/tipo/unica/CdMex/CandidatasyCandidatos/detalle.html#!/Candidato/10805
PAN,MAURICIO TABE ECHARTEA,10811,JOSE ANTONIO PATIÑO PASTRANA,True,https://portalanterior.ine.mx/archivos2/portal/Elecciones/2016/PELocales/tipo/unica/CdMex/CandidatasyCandidatos/detalle.html#!/Candidato/10811
PAN,KENIA LOPEZ RABADAN,10815,TERESITA VICENCIO ALVAREZ,True,https://portalanterior.ine.mx/archivos2/portal/Elecciones/2016/PELocales/tipo/unica/CdMex/CandidatasyCandidatos/detalle.html#!/Candidato/10815
PAN,CARLOS GELISTA GONZALEZ,10827,JOSE LUIS NIEVES BUENO,True,https://portalanterior.ine.mx/archivos2/portal/Elecciones/2016/PELocales/tipo/unica/CdMex/CandidatasyCandidatos/detalle.html#!/Candidato/10827
PAN,MARIA TERESA GOMEZ MONT Y URUETA,10833,LASKHMI PAOLA DE LA LANZA LUNA,True,https://portalanterior.ine.mx/archivos2/portal/Elecciones/2016/PELocales/tipo/unica/CdMex/CandidatasyCandidatos/detalle.html#!/Candidato/10833
PAN,GONZALO ALTAMIRANO DIMAS,,RICARDO RUBIO TORRES,False,
PAN,MARIA DEL CARMEN SEGURA RANGEL,10857,DULCE ESMERALDA MENDOZA FLORES,True,https://portalanterior.ine.mx/archivos2/portal/Elecciones/2016/PELocales/tipo/unica/CdMex/CandidatasyCandidatos/detalle.html#!/Candidato/10857
PAN,JOSE LUIS LUEGE TAMARGO,,FELIPE DE JESUS REBOLLO AGUILAR,False,
PAN,ALICIA GALVAN LOPEZ,10851,ALEJANDRA LASCURAIN ESCALANTE,True,https://portalanterior.ine.mx/archivos2/portal/Elecciones/2016/PELocales/tipo/unica/CdMex/CandidatasyCandidatos/detalle.html#!/Candidato/10851
PAN,JORGE ALBERTO LARA RIVERA,10863,ISRAEL PEREZ DE GANTE,True,https://portalanterior.ine.mx/archivos2/portal/Elecciones/2016/PELocales/tipo/unica/CdMex/CandidatasyCandidatos/detalle.html#!/Candidato/10863
PAN,AMERICA ALEJANDRA RANGEL LORENZANA,10865,GRACIELA EVODIA MARTINEZ FUENTES,True,https://portalanterior.ine.mx/archivos2/portal/Elecciones/2016/PELocales/tipo/unica/CdMex/CandidatasyCandidatos/detalle.html#!/Candidato/10865
PAN,EDUARDO ISMAEL AGUILAR SIERRA,,JUAN PABLO OLIVEROS VALDOVINOS,False,
PAN,LORENA RIOS MARTINEZ,,MARIA TERESA ESTRADA MONROY,False,
PAN,HECTOR SAUL TELLEZ HERNANDEZ,,GUSTAVO MARTINEZ JUAMBELZ,False,
PAN,MONICA LETICIA SERRANO PEÑA,10881,GUADALUPE VIOLETA CRUZ ESPONDA,True,https://portalanterior.ine.mx/archivos2/portal/Elecciones/2016/PELocales/tipo/unica/CdMex/CandidatasyCandidatos/detalle.html#!/Candidato/10881
PAN,JORGE PALACIOS ARROYO,10883,JOSE MANUEL OROZCO GARCIA,True,https://portalanterior.ine.mx/archivos2/portal/Elecciones/2016/PELocales/tipo/unica/CdMex/CandidatasyCandidatos/detalle.html#!/Candidato/10883
PAN,SILVIA ESTHER PEREZ CEBALLOS,,GLORIA ALEJANDRA LANDA PEÑA,False,
PAN,JESUS RAUL SANCHEZ SANCHEZ,,JORGE ISRAEL CARRASCO CAMPOS,False,
PAN,ROSAURA VIRGINIA DENEGRE VAUGHT RAMIREZ,10889,SOFIA FIGUEROA TORRES,True,https://portalanterior.ine.mx/archivos2/portal/Elecciones/2016/PELocales/tipo/unica/CdMex/CandidatasyCandidatos/detalle.html#!/Candidato/10889
PAN,ALEJANDRO AVILES GOMEZ,,RODRIGO JOSUE GAZCON QUINTANA,False,
PAN,SANDRA SUSANA MARTINEZ CASTRO,,ALMA LORENA GAMBOA MENDOZA,False,
PAN,JORGE REAL SANCHEZ,,ISMAEL DAGOBERTO MONROY NOLASCO,False,
PAN,MARIA TERESA GUADALUPE TOCA GUTIERREZ,,JUANA CONCEPCION CUSI SOLANA,False,
PAN,LEOVIGILDO CHAVEZ LOPEZ,10899,FERNANDO DIAZ BARRIGA HERNANDEZ,True,https://portalanterior.ine.mx/archivos2/portal/Elecciones/2016/PELocales/tipo/unica/CdMex/CandidatasyCandidatos/detalle.html#!/Candidato/10899
PAN,MARIA GUADALUPE CHAPELA Y MENDOZA,10901,CECILIA ZARAGOZA PEREZ,True,https://portalanterior.ine.mx/archivos2/portal/Elecciones/2016/PELocales/tipo/unica/CdMex/CandidatasyCandidatos/detalle.html#!/Candidato/10901
PAN,GILBERTO ADRIAN HERNANDEZ VAZQUEZ,,ADRIAN CESAR VALLE RAMIREZ,False,
PAN,ANA YOSELYN VILLAGRAN VILLASANA,10905,ELSA ALICIA MONTSERRAT LLARENA JIMENEZ,True,https://portalanterior.ine.mx/archivos2/portal/Elecciones/2016/PELocales/tipo/unica/CdMex/CandidatasyCandidatos/detalle.html#!/Candidato/10905
PAN,BENITO SOTELO VILLA,10907,ZINHUE SAMUEL SILVESTRE GUZMAN AYALA,True,https://portalanterior.ine.mx/archivos2/portal/Elecciones/2016/PELocales/tipo/unica/CdMex/CandidatasyCandidatos/detalle.html#!/Candidato/10907
PAN,DIANA MARIA TERESA LARA CARREON,10909,FRANCHELIA DANIEL AVILES,True,https://portalanterior.ine.mx/archivos2/portal/Elecciones/2016/PELocales/tipo/unica/CdMex/CandidatasyCandidatos/detalle.html#!/Candidato/10909
PAN,MAURICIO ROBLES CORTES,10911,GUILLERMO EDUARDO LOPEZ ESCOBEDO,True,https://portalanterior.ine.mx/archivos2/portal/Elecciones/2016/PELocales/tipo/unica/CdMex/CandidatasyCandidatos/detalle.html#!/Candidato/10911
PAN,ELIZABETH MARIN ROLDAN,,CLAUDIA PAOLA GONZALEZ GONZALEZ,False,
PAN,MIGUEL ANGEL OCANO OPENGO,10915,JESUS HERNANDEZ MEDINA,True,https://portalanterior.ine.mx/archivos2/portal/Elecciones/2016/PELocales/tipo/unica/CdMex/CandidatasyCandidatos/detalle.html#!/Candidato/10915
PAN,ROSALIND PAMELA RAMIREZ HERNANDEZ,10917,PATRICIA CHAVEZ GARCES,True,https://portalanterior.ine.mx/archivos2/portal/Elecciones/2016/PELocales/tipo/unica/CdMex/CandidatasyCandidatos/detalle.html#!/Candidato/10917
PAN,EDUARDO HERNANDEZ ROJAS,,LUIS ALBERTO RODRIGUEZ TAPIA,False,
PAN,KAREN GONZALEZ RODRIGUEZ,10921,MARIANA ZARAHI RANGEL OLIVA,True,https://portalanterior.ine.mx/archivos2/portal/Elecciones/2016/PELocales/tipo/unica/CdMex/CandidatasyCandidatos/detalle.html#!/Candidato/10921
PAN,JACOBO MANFREDO BONILLA CEDILLO,,LUIS JAVIER VALENCIA VILLA,False,
PAN,LAURA SUSANA OROPEZA MORALES,10925,AURORA VERGARA DIAZ,True,https://portalanterior.ine.mx/archivos2/portal/Elecciones/2016/PELocales/tipo/unica/CdMex/CandidatasyCandidatos/detalle.html#!/Candidato/10925
PAN,ESTEBAN SALDAÑA PARAMO,10927,ADRIAN PEREZ JIMENEZ,True,https://portalanterior.ine.mx/archivos2/portal/Elecciones/2016/PELocales/tipo/unica/CdMex/CandidatasyCandidatos/detalle.html#!/Candidato/10927
PAN,SILVIA ZULETA VITE,,LYDIA SUAREZ URBAN,False,
PAN,JUAN JOSE MENDEZ LIPRANDI,,ANGEL GABRIEL VALDELAMAR GALLEGOS,False,
PAN,MARTHA ANGELICA VILLA GONZALEZ,10297,MIRIAM DIAZ ROMERO,True,https://portalanterior.ine.mx/archivos2/portal/Elecciones/2016/PELocales/tipo/unica/CdMex/CandidatasyCandidatos/detalle.html#!/Candidato/10297
PAN,JOSE CARLOS JIMENEZ AGUIRRE,10299,JOSE ANTONIO LARRAÑAGA ROMANDIA,True,https://portalanterior.ine.mx/archivos2/portal/Elecciones/2016/PELocales/tipo/unica/CdMex/CandidatasyCandidatos/detalle.html#!/Candidato/10299
PAN,CYNTHIA ADRIANA BELTRAN VELAZQUEZ,10301,SANDRA ARACELI TORRES ALVAREZ,True,https://portalanterior.ine.mx/archivos2/portal/Elecciones/2016/PELocales/tipo/unica/CdMex/CandidatasyCandidatos/detalle.html#!/Candidato/10301
PAN,VICTOR MANUEL ARMENTA NOVALES,10303,AARON ARMENTA CRUZ,True,https://portalanterior.ine.mx/archivos2/portal/Elecciones/2016/PELocales/tipo/unica/CdMex/CandidatasyCandidatos/detalle.html#!/Candidato/10303
PAN,NANCY YANIRA RUIZ HERNANDEZ,10305,MIRELLA ANAYA SANCHEZ,True,https://portalanterior.ine.mx/archivos2/portal/Elecciones/2016/PELocales/tipo/unica/CdMex/CandidatasyCandidatos/detalle.html#!/Candidato/10305
PAN,ALEJANDRO CURIEL GONZALEZ,10307,ROBERTO ENRIQUEZ CHAVEZ,True,https://portalanterior.ine.mx/archivos2/portal/Elecciones/2016/PELocales/tipo/unica/CdMex/CandidatasyCandidatos/detalle.html#!/Candidato/10307
PAN,RUBI OSIO MIRANDA,10309,BRENDA TZOMPA GARCIA,True,https://portalanterior.ine.mx/archivos2/portal/Elecciones/2016/PELocales/tipo/unica/CdMex/CandidatasyCandidatos/detalle.html#!/Candidato/10309
PAN,ARTURO RAMOS RUIZ,10311,ANGEL GARCIA PEREZ,True,https://portalanterior.ine.mx/archivos2/portal/Elecciones/2016/PELocales/tipo/unica/CdMex/CandidatasyCandidatos/detalle.html#!/Candidato/10311
PAN,MARIA ISABEL MORALES VELAZQUEZ,10313,ROSA ISELA MORALES VELAZQUEZ,True,https://portalanterior.ine.mx/archivos2/portal/Elecciones/2016/PELocales/tipo/unica/CdMex/CandidatasyCandidatos/detalle.html#!/Candidato/10313
PAN,LUIS MANUEL MUÑOZ CARDOSO,10315,MIGUEL CONTRERAS PONCE,True,https://portalanterior.ine.mx/archivos2/portal/Elecciones/2016/PELocales/tipo/unica/CdMex/CandidatasyCandidatos/detalle.html#!/Candidato/10315
PAN,MARIA DEL CARMEN ARRIAGA PEREZ,,MARIA JOVITA HERNANDEZ ROJAS,False,
PAN,FLAVIO GUZMAN LOPEZ,,JUAN SAUL ESCOBEDO SANCHEZ,False,
PAN,DARLETT CERPA SERRANO,,GISELLE CERPA SERRANO,False,
PAN,GILDARDO LOPEZ HERNANDEZ,,ROBERTO MURGUIA MORALES,False,
PAN,EVELYN VERONICA FIGUEROA REYES,,KARLA MARIA ROJAS GOMEZ,False,
PAN,JORGE HERNANDEZ OLVERA,10327,JULIO JESUS MERCADO CORTES,True,https://portalanterior.ine.mx/archivos2/portal/Elecciones/2016/PELocales/tipo/unica/CdMex/CandidatasyCandidatos/detalle.html#!/Candidato/10327
PAN,SOCORRO ORTIZ CHAVEZ,,CECILIA HAYDEE SALINAS MALDONADO,False,
PAN,ERICK MENA MORENO,10331,JOSE MANUEL DIAZ COBARRUBIAS CASTILLON,True,https://portalanterior.ine.mx/archivos2/portal/Elecciones/2016/PELocales/tipo/unica/CdMex/CandidatasyCandidatos/detalle.html#!/Candidato/10331
PAN,REBECA EDITH QUIROZ HERAS,,ALONDRA ZAMORA GUERRERO,False,
PRI,IRMA CUE SARQUIS,10349,MARIANA GOMEZ ROMAN,True,https://portalanterior.ine.mx/archivos2/portal/Elecciones/2016/PELocales/tipo/unica/CdMex/CandidatasyCandidatos/detalle.html#!/Candidato/10349
PRI,CARLOS HUMBERTO ACEVES Y DEL OLMO,10353,ARMANDO JESUS BAEZ PINAL,True,https://portalanterior.ine.mx/archivos2/portal/Elecciones/2016/PELocales/tipo/unica/CdMex/CandidatasyCandidatos/detalle.html#!/Candidato/10353
PRI,CYNTHIA ILIANA LOPEZ CASTRO,10357,ZELFA CELIA AYALA SANCHEZ,True,https://portalanterior.ine.mx/archivos2/portal/Elecciones/2016/PELocales/tipo/unica/CdMex/CandidatasyCandidatos/detalle.html#!/Candidato/10357
PRI,JOSE EDUARDO ESCOBEDO MIRAMONTES,10361,RODOLFO HIGAREDA COEN,True,https://portalanterior.ine.mx/archivos2/portal/Elecciones/2016/PELocales/tipo/unica/CdMex/CandidatasyCandidatos/detalle.html#!/Candidato/10361
PRI,MARIA FERNANDA BAYARDO SALIM,10365,JESSICA ALEJANDRA GIL JIMENEZ,True,https://portalanterior.ine.mx/archivos2/portal/Elecciones/2016/PELocales/tipo/unica/CdMex/CandidatasyCandidatos/detalle.html#!/Candidato/10365
PRI,JORGE ALEJANDRO CHAVEZ PRESA,10497,YOSHUA RAFAEL ROMERO LOZADA,True,https://portalanterior.ine.mx/archivos2/portal/Elecciones/2016/PELocales/tipo/unica/CdMex/CandidatasyCandidatos/detalle.html#!/Candidato/10497
PRI,LEONOR GOMEZ OTEGUI,10501,MAGALI ELOISA HERNANDEZ MUÑOZ,True,https://portalanterior.ine.mx/archivos2/portal/Elecciones/2016/PELocales/tipo/unica/CdMex/CandidatasyCandidatos/detalle.html#!/Candidato/10501
PRI,GUSTAVO SOTELO VILLEGAS,10507,MIGUEL ANGEL PEREZ BAUTISTA,True,https://portalanterior.ine.mx/archivos2/portal/Elecciones/2016/PELocales/tipo/unica/CdMex/CandidatasyCandidatos/detalle.html#!/Candidato/10507
PRI,GLORIA CARRILLO SALINAS,10511,YASMIT MONROY ARROYO,True,https://portalanterior.ine.mx/archivos2/portal/Elecciones/2016/PELocales/tipo/unica/CdMex/CandidatasyCandidatos/detalle.html#!/Candidato/10511
PRI,FILOGONIO SANCHEZ ALVARADO,10517,ENRIQUE PEREZ RUIZ,True,https://portalanterior.ine.mx/archivos2/portal/Elecciones/2016/PELocales/tipo/unica/CdMex/CandidatasyCandidatos/detalle.html#!/Candidato/10517
PRI,MARGARITA MARIA SANCHEZ GAVITO DIAZ,10465,GLORIA SOTELO SALAZAR,True,https://portalanterior.ine.mx/archivos2/portal/Elecciones/2016/PELocales/tipo/unica/CdMex/CandidatasyCandidatos/detalle.html#!/Candidato/10465
PRI,ENRIQUE DAVIS MAZLUM,10369,ANGEL ALEXEI OCHOA PEREZ,True,https://portalanterior.ine.mx/archivos2/portal/Elecciones/2016/PELocales/tipo/unica/CdMex/CandidatasyCandidatos/detalle.html#!/Candidato/10369
PRI,LAURA ELENA ARELLANO GILMORE,10373,PERLA STEPANIE VALENTINO GARCIA,True,https://portalanterior.ine.mx/archivos2/portal/Elecciones/2016/PELocales/tipo/unica/CdMex/CandidatasyCandidatos/detalle.html#!/Candidato/10373
PRI,JOSE ALBERTO AGUILAR IÑARRITU,10377,HILARIO RAMIREZ CHAVEZ,True,https://portalanterior.ine.mx/archivos2/portal/Elecciones/2016/PELocales/tipo/unica/CdMex/CandidatasyCandidatos/detalle.html#!/Candidato/10377
PRI,ARACELI GARCIA RICO,10381,BARBARA YANINA KARINA GARCIA CORDOVA,True,https://portalanterior.ine.mx/archivos2/portal/Elecciones/2016/PELocales/tipo/unica/CdMex/CandidatasyCandidatos/detalle.html#!/Candidato/10381
PRI,ALDO UGARTECHEA ARANDA,11116,BERNARDO RAMOS RODRIGUEZ,True,https://portalanterior.ine.mx/archivos2/portal/Elecciones/2016/PELocales/tipo/unica/CdMex/CandidatasyCandidatos/detalle.html#!/Candidato/11116
PRI,ARIANNA NOEMI MONTIEL ALVARADO,10395,DAFNE ZARAI GUZMAN GUZMAN,True,https://portalanterior.ine.mx/archivos2/portal/Elecciones/2016/PELocales/tipo/unica/CdMex/CandidatasyCandidatos/detalle.html#!/Candidato/10395
PRI,LUIS FRANCISCO CELIS MOLINA,10403,JOSE ALEJANDRO GUTIERREZ NUÑEZ,True,https://portalanterior.ine.mx/archivos2/portal/Elecciones/2016/PELocales/tipo/unica/CdMex/CandidatasyCandidatos/detalle.html#!/Candidato/10403
PRI,VERONICA MARTINEZ SENTIES,10407,MARIA DE JESUS DE LA PARRA GARCIA,True,https://portalanterior.ine.mx/archivos2/portal/Elecciones/2016/PELocales/tipo/unica/CdMex/CandidatasyCandidatos/detalle.html#!/Candidato/10407
PRI,ISRAEL CHAPARRO MEDINA,11118,LAZARO OSCAR RAMIREZ,True,https://portalanterior.ine.mx/archivos2/portal/Elecciones/2016/PELocales/tipo/unica/CdMex/CandidatasyCandidatos/detalle.html#!/Candidato/11118
PRI,LILA KARINA ABED RUIZ,10499,ANGELICA JUAREZ PEREZ,True,https://portalanterior.ine.mx/archivos2/portal/Elecciones/2016/PELocales/tipo/unica/CdMex/CandidatasyCandidatos/detalle.html#!/Candidato/10499
PRI,MARIO ALBERTO ZAPATA BARAJAS,10503,JORGE LUIS NIETO HERNANDEZ,True,https://portalanterior.ine.mx/archivos2/portal/Elecciones/2016/PELocales/tipo/unica/CdMex/CandidatasyCandidatos/detalle.html#!/Candidato/10503
PRI,GEORGINA ADRIANA PULIDO GARCIA,10509,CELESTE CANDELARIA ESPINOZA ARCE,True,https://portalanterior.ine.mx/archivos2/portal/Elecciones/2016/PELocales/tipo/unica/CdMex/CandidatasyCandidatos/detalle.html#!/Candidato/10509
PRI,JORGE GARCIA RODRIGUEZ,10513,DAVID CORREA CARUZO,True,https://portalanterior.ine.mx/archivos2/portal/Elecciones/2016/PELocales/tipo/unica/CdMex/CandidatasyCandidatos/detalle.html#!/Candidato/10513
PRI,MARTHA GUTIERREZ MANRIQUE,10515,JOSELIN MARGOT CONTRERAS FLORES,True,https://portalanterior.ine.mx/archivos2/portal/Elecciones/2016/PELocales/tipo/unica/CdMex/CandidatasyCandidatos/detalle.html#!/Candidato/10515
PRI,CARLOS JUAN CAMACHO DAVALOS,10519,JOSE HUMBERTO SANCHEZ MERINO,True,https://portalanterior.ine.mx/archivos2/portal/Elecciones/2016/PELocales/tipo/unica/CdMex/CandidatasyCandidatos/detalle.html#!/Candidato/10519
PRI,GUADALUPE CEDILLO MONDRAGON,10523,MARIA DEL ROSARIO IMAZU ORDOÑEZ,True,https://portalanterior.ine.mx/archivos2/portal/Elecciones/2016/PELocales/tipo/unica/CdMex/CandidatasyCandidatos/detalle.html#!/Candidato/10523
PRI,FERNANDO RASCON FUENTES,10529,LUIS ALBERTO AZUA ARIAS,True,https://portalanterior.ine.mx/archivos2/portal/Elecciones/2016/PELocales/tipo/unica/CdMex/CandidatasyCandidatos/detalle.html#!/Candidato/10529
PRI,CLAUDIA MARIA AGUILAR ESQUIVEL,10533,VIRIDIANA MEZA OLIVARES,True,https://portalanterior.ine.mx/archivos2/portal/Elecciones/2016/PELocales/tipo/unica/CdMex/CandidatasyCandidatos/detalle.html#!/Candidato/10533
PRI,ESTEBAN RUIZ CARBALLIDO,10539,RAMON PICAZO CASTELAN,True,https://portalanterior.ine.mx/archivos2/portal/Elecciones/2016/PELocales/tipo/unica/CdMex/CandidatasyCandidatos/detalle.html#!/Candidato/10539
PRI,KARLA PAOLA ARSOF CAMPOS,10543,LAURA ALICIA QUEVEDO SOLANO,True,https://portalanterior.ine.mx/archivos2/portal/Elecciones/2016/PELocales/tipo/unica/CdMex/CandidatasyCandidatos/detalle.html#!/Candidato/10543
PRI,JOSE LUIS CAMACHO VARGAS,10547,FEDERICO SANCHEZ GUERRERO,True,https://portalanterior.ine.mx/archivos2/portal/Elecciones/2016/PELocales/tipo/unica/CdMex/CandidatasyCandidatos/detalle.html#!/Candidato/10547
PRI,TERESA RAMOS ARREOLA,10551,INGRID NORIEGA LUNA,True,https://portalanterior.ine.mx/archivos2/portal/Elecciones/2016/PELocales/tipo/unica/CdMex/CandidatasyCandidatos/detalle.html#!/Candidato/10551
PRI,LUIS SALVADOR FIGUEROA SOLANO,10555,JUAN PABLO OSUNA HERNANDEZ,True,https://portalanterior.ine.mx/archivos2/portal/Elecciones/2016/PELocales/tipo/unica/CdMex/CandidatasyCandidatos/detalle.html#!/Candidato/10555
PRI,GABRIELA DE REGIL CURIEL,10561,ANA LUISA GARCIA SALGADO,True,https://portalanterior.ine.mx/archivos2/portal/Elecciones/2016/PELocales/tipo/unica/CdMex/CandidatasyCandidatos/detalle.html#!/Candidato/10561
PRI,EDGAR MERELES ORTIZ,10563,OMAR REYES GUTIERREZ,True,https://portalanterior.ine.mx/archivos2/portal/Elecciones/2016/PELocales/tipo/unica/CdMex/CandidatasyCandidatos/detalle.html#!/Candidato/10563
PRI,GUADALUPE AURORA LOL BE PERAZA GONZALEZ,10567,NORA NUÑEZ PEÑA,True,https://portalanterior.ine.mx/archivos2/portal/Elecciones/2016/PELocales/tipo/unica/CdMex/CandidatasyCandidatos/detalle.html#!/Candidato/10567
PRI,RICARDO CHEW LOPEZ,10569,MAURICIO CANO FERNANDEZ,True,https://portalanterior.ine.mx/archivos2/portal/Elecciones/2016/PELocales/tipo/unica/CdMex/CandidatasyCandidatos/detalle.html#!/Candidato/10569
PRI,GUADALUPE GALICIA FLAMENCO,10571,MARIA DEL CARMEN ALEJANDRA SOTELO CABELLO,True,https://portalanterior.ine.mx/archivos2/portal/Elecciones/2016/PELocales/tipo/unica/CdMex/CandidatasyCandidatos/detalle.html#!/Candidato/10571
PRI,MARCO ANTONIO VELASQUEZ VALENCIA,10573,JOSE HUMBERTO AGUILAR ALCERRECA,True,https://portalanterior.ine.mx/archivos2/portal/Elecciones/2016/PELocales/tipo/unica/CdMex/CandidatasyCandidatos/detalle.html#!/Candidato/10573
PRI,MARIANA VALDIVIA TOLEDO,10581,GUADALUPE BARRON HERNANDEZ,True,https://portalanterior.ine.mx/archivos2/portal/Elecciones/2016/PELocales/tipo/unica/CdMex/CandidatasyCandidatos/detalle.html#!/Candidato/10581
PRI,LUIS MIGUEL CLAVERIE FARIAS,10585,JOSE LUIS IVAN MONDRAGON VILLAGRAN,True,https://portalanterior.ine.mx/archivos2/portal/Elecciones/2016/PELocales/tipo/unica/CdMex/CandidatasyCandidatos/detalle.html#!/Candidato/10585
PRI,LIDIA LARA BARRAGAN VARGAS,10589,MARIA LUISA BOTELLO MORENO,True,https://portalanterior.ine.mx/archivos2/portal/Elecciones/2016/PELocales/tipo/unica/CdMex/CandidatasyCandidatos/detalle.html#!/Candidato/10589
PRI,JUAN LUIS GOMEZ JARDON,10593,FERNANDO JIMENEZ CARRASCO,True,https://portalanterior.ine.mx/archivos2/portal/Elecciones/2016/PELocales/tipo/unica/CdMex/CandidatasyCandidatos/detalle.html#!/Candidato/10593
PRI,KELLY VIRIDIANA COLIN AGUILAR,10597,GEMA ELIZABETH BELEM COLIN AGUILAR,True,https://portalanterior.ine.mx/archivos2/portal/Elecciones/2016/PELocales/tipo/unica/CdMex/CandidatasyCandidatos/detalle.html#!/Candidato/10597
PRI,ANTONIO JUAREZ ACEVEDO,10601,ROBERTO GONZALEZ LABASTIDA,True,https://portalanterior.ine.mx/archivos2/portal/Elecciones/2016/PELocales/tipo/unica/CdMex/CandidatasyCandidatos/detalle.html#!/Candidato/10601
PRI,MARIA DEL PILAR CORONA TOLEDO,10607,SANDRA YARELY AGUIRRE MARCELO,True,https://portalanterior.ine.mx/archivos2/portal/Elecciones/2016/PELocales/tipo/unica/CdMex/CandidatasyCandidatos/detalle.html#!/Candidato/10607
PRI,VICTOR MANUEL CAMARENA MEIXUEIRO,10615,IGMAR RUSSELL GORDOA RUIZ,True,https://portalanterior.ine.mx/archivos2/portal/Elecciones/2016/PELocales/tipo/unica/CdMex/CandidatasyCandidatos/detalle.html#!/Candidato/10615
PRI,MONSERRAT PEREZ CEDEÑO,10619,BRENDA RUIZ MIRANDA,True,https://portalanterior.ine.mx/archivos2/portal/Elecciones/2016/PELocales/tipo/unica/CdMex/CandidatasyCandidatos/detalle.html#!/Candidato/10619
PRI,FERNANDO ESPEJEL OSCOY,10623,EDUARDO BOYOLI MARTIN DEL CAMPO,True,https://portalanterior.ine.mx/archivos2/portal/Elecciones/2016/PELocales/tipo/unica/CdMex/CandidatasyCandidatos/detalle.html#!/Candidato/10623
PRI,THELMA SANCHEZ ARVIZU,10633,AMERICA CERIOLITH HERNANDEZ ESCAREÑO,True,https://portalanterior.ine.mx/archivos2/portal/Elecciones/2016/PELocales/tipo/unica/CdMex/CandidatasyCandidatos/detalle.html#!/Candidato/10633
PRI,JUAN CARLOS GARZA CASTRO,10635,LUIS ALFONSO MONTERDE CHIO,True,https://portalanterior.ine.mx/archivos2/portal/Elecciones/2016/PELocales/tipo/unica/CdMex/CandidatasyCandidatos/detalle.html#!/Candidato/10635
PRI,RAQUEL REYES MEJIA,10639,MARIANA PAOLA AVILA DORADOR,True,https://portalanterior.ine.mx/archivos2/portal/Elecciones/2016/PELocales/tipo/unica/CdMex/CandidatasyCandidatos/detalle.html#!/Candidato/10639
PRI,FIDEL EMANUEL CRUZ ESPINOSA,10645,JUAN CARLOS MANJARREZ SAMANO,True,https://portalanterior.ine.mx/archivos2/portal/Elecciones/2016/PELocales/tipo/unica/CdMex/CandidatasyCandidatos/detalle.html#!/Candidato/10645
PRI,PAMELA PINEDO HERNANDEZ,10649,MONICA IRMA ARANA SORIANO,True,https://portalanterior.ine.mx/archivos2/portal/Elecciones/2016/PELocales/tipo/unica/CdMex/CandidatasyCandidatos/detalle.html#!/Candidato/10649
PRI,JOSE ALFREDO DE LA PEÑA GARCIA,10651,ALEXIS ERICK GUTIERREZ MARTINEZ,True,https://portalanterior.ine.mx/archivos2/portal/Elecciones/2016/PELocales/tipo/unica/CdMex/CandidatasyCandidatos/detalle.html#!/Candidato/10651
PRI,ODALIS VIRIDIANA SEGURA MANCILLA,10653,ANA DEL ROCIO PAZ CAMACHO,True,https://portalanterior.ine.mx/archivos2/portal/Elecciones/2016/PELocales/tipo/unica/CdMex/CandidatasyCandidatos/detalle.html#!/Candidato/10653
PRI,HAMLET RIVERA PIMENTEL,10655,ALBERTO IGNACIO FIGUEROA ROBLES,True,https://portalanterior.ine.mx/archivos2/portal/Elecciones/2016/PELocales/tipo/unica/CdMex/CandidatasyCandidatos/detalle.html#!/Candidato/10655
PRI,ADRIANA DUARTE YEPEZ,10659,LORENA MARLENE DAZA FERNANDEZ,True,https://portalanterior.ine.mx/archivos2/portal/Elecciones/2016/PELocales/tipo/unica/CdMex/CandidatasyCandidatos/detalle.html#!/Candidato/10659
PRI,CARLOS CONRADO DIAZ ORNELAS,10663,EDUARDO ALEJANDRO LLAMAS SANCHEZ,True,https://portalanterior.ine.mx/archivos2/portal/Elecciones/2016/PELocales/tipo/unica/CdMex/CandidatasyCandidatos/detalle.html#!/Candidato/10663
PRD,KATIA D´ARTIGUES BEAUREGARD,10273,CAMERINA AHIDEE ROBLES CUELLAR,True,https://portalanterior.ine.mx/archivos2/portal/Elecciones/2016/PELocales/tipo/unica/CdMex/CandidatasyCandidatos/detalle.html#!/Candidato/10273
PRD,ENRIQUE PROVENCIO DURAZO,10275,ADOLFO LOPEZ VILLANUEVA,True,https://portalanterior.ine.mx/archivos2/portal/Elecciones/2016/PELocales/tipo/unica/CdMex/CandidatasyCandidatos/detalle.html#!/Candidato/10275
PRD,MARIA MARCELA LAGARDE Y DE LOS RIOS,10375,MARIA EDITH LOPEZ HERNANDEZ,True,https://portalanterior.ine.mx/archivos2/portal/Elecciones/2016/PELocales/tipo/unica/CdMex/CandidatasyCandidatos/detalle.html#!/Candidato/10375
PRD,MIGUEL ANGEL MARCOS VELAZQUEZ MUÑOZ,10277,ANGEL ISRAEL LIMON ENRIQUEZ,True,https://portalanterior.ine.mx/archivos2/portal/Elecciones/2016/PELocales/tipo/unica/CdMex/CandidatasyCandidatos/detalle.html#!/Candidato/10277
PRD,GUADALUPE ELIZABETH MUÑOZ RUIZ,10279,YELTSIN MENDOZA ISLAS,True,https://portalanterior.ine.mx/archivos2/portal/Elecciones/2016/PELocales/tipo/unica/CdMex/CandidatasyCandidatos/detalle.html#!/Candidato/10279
PRD,HUMBERTO LOZANO AVILES,10281,FRANCISCO MEDINA PADILLA,True,https://portalanterior.ine.mx/archivos2/portal/Elecciones/2016/PELocales/tipo/unica/CdMex/CandidatasyCandidatos/detalle.html#!/Candidato/10281
PRD,IFIGENIA MARTHA MARTINEZ Y HERNANDEZ,10283,BEATRIZ EUGENIA BARROS Y HORCASITAS,True,https://portalanterior.ine.mx/archivos2/portal/Elecciones/2016/PELocales/tipo/unica/CdMex/CandidatasyCandidatos/detalle.html#!/Candidato/10283
PRD,J. JESUS ORTEGA MARTINEZ,10285,ALVARO VILLEGAS SOTO,True,https://portalanterior.ine.mx/archivos2/portal/Elecciones/2016/PELocales/tipo/unica/CdMex/CandidatasyCandidatos/detalle.html#!/Candidato/10285
PRD,NELLY ANTONIA JUAREZ AUDELO,,LOURDES GARCIA CRUZ,False,
PRD,JOSE MANUEL OROPEZA MORALES,,RENE JUVENAL BEJARANO MARTINEZ,False,
PRD,LOL KIN CASTAÑEDA BADILLO,10383,ROSALINDA PENELOPE PIMENTEL BERMUDEZ,True,https://portalanterior.ine.mx/archivos2/portal/Elecciones/2016/PELocales/tipo/unica/CdMex/CandidatasyCandidatos/detalle.html#!/Candidato/10383
PRD,JULIO CESAR MORENO RIVERA,,JORGE JUAREZ GRANDE,False,
PRD,DIANA ARELLANO RIVERA,,TANYA RAMOS GARCIA,False,
PRD,HORACIO DANIEL FRANCO MEZA,10177,ISIDRO HILDEGARDO CISNEROS RAMIREZ,True,https://portalanterior.ine.mx/archivos2/portal/Elecciones/2016/PELocales/tipo/unica/CdMex/CandidatasyCandidatos/detalle.html#!/Candidato/10177
PRD,TOBYANNE LEDESMA RIVERA,10387,VIRIDIANA LORELEI HERNANDEZ RIVERA,True,https://portalanterior.ine.mx/archivos2/portal/Elecciones/2016/PELocales/tipo/unica/CdMex/CandidatasyCandidatos/detalle.html#!/Candidato/10387
PRD,JUAN AYALA RIVERO,10199,SAUL RODRIGUEZ CABELLO,True,https://portalanterior.ine.mx/archivos2/portal/Elecciones/2016/PELocales/tipo/unica/CdMex/CandidatasyCandidatos/detalle.html#!/Candidato/10199
PRD,ELENA CHAVEZ GONZALEZ,,ANA KAREN YAÑEZ CEDILLO,False,
PRD,ROBERTO LOPEZ SUAREZ,10203,YASSER AMAURY BAUTISTA OCHOA,True,https://portalanterior.ine.mx/archivos2/portal/Elecciones/2016/PELocales/tipo/unica/CdMex/CandidatasyCandidatos/detalle.html#!/Candidato/10203
PRD,ANA JULIA HERNANDEZ PEREZ,,MARIA DE LOURDES AMAYA REYES,False,
PRD,CARLOS JIMENEZ RODRIGUEZ,10397,PEDRO KENJI SALAZAR MURAKAMI,True,https://portalanterior.ine.mx/archivos2/portal/Elecciones/2016/PELocales/tipo/unica/CdMex/CandidatasyCandidatos/detalle.html#!/Candidato/10397
PRD,CLAUDIA LILIA CRUZ SANTIAGO,10205,JULIANA MARTINEZ DEL VILLAR,True,https://portalanterior.ine.mx/archivos2/portal/Elecciones/2016/PELocales/tipo/unica/CdMex/CandidatasyCandidatos/detalle.html#!/Candidato/10205
PRD,PABLO GOMEZ ALVAREZ,10207,LUIS ALEJANDRO PADILLA ZEPEDA,True,https://portalanterior.ine.mx/archivos2/portal/Elecciones/2016/PELocales/tipo/unica/CdMex/CandidatasyCandidatos/detalle.html#!/Candidato/10207
PRD,AMARANTA ROCIO VILLA SANCHEZ,10209,VIRIDIANA CASTRO BELTRAN,True,https://portalanterior.ine.mx/archivos2/portal/Elecciones/2016/PELocales/tipo/unica/CdMex/CandidatasyCandidatos/detalle.html#!/Candidato/10209
PRD,JOAQUIN ARTURO AVILA DEL CASTILLO,,JOSE FRANCISCO BARRIOS CALDERON,False,
PRD,ROSY LAURA CASTELLANOS MARIANO,10401,MARIA GUADALUPE CONTRERAS MARTINEZ,True,https://portalanterior.ine.mx/archivos2/portal/Elecciones/2016/PELocales/tipo/unica/CdMex/CandidatasyCandidatos/detalle.html#!/Candidato/10401
PRD,RICARDO RAMIREZ ROMERO,,HUGO LOPEZ PEREZ,False,
PRD,AURORA ALVAREZ MELO,,PAULETTE MONSERRAT MARTINEZ TREJO,False,
PRD,FELIPE PEREZ ACEVEDO,,JOAQUIN TREJO MARTINEZ,False,
PRD,ANA GERALDINA UNZUETA REYES,,BERENICE RAMIREZ MAYA,False,
PRD,OSCAR ULISES GARCIA CERVANTES,,LUIS MOLINA GUTIERREZ,False,
PRD,CARINA GUADALUPE HERNANDEZ HERNANDEZ,,MARIA GUADALUPE SOTELO PEREZ,False,
PRD,GILBERTO ENSASTIGA SANTIAGO,,LEONARDO ROMEO VELEZ BONILLA,False,
PRD,ANA GABRIELA SALDAÑA CHAVEZ,,LIBERTAD IVONNE FLORES BAENA,False,
PRD,ONASIS GALDINO ZARATE PAZ,,ADAN ERIK CASTRO LARA,False,
PRD,KARLA TABOADA RODRIGUEZ,10367,MONICA NALLELY RODRIGUEZ MENDEZ,True,https://portalanterior.ine.mx/archivos2/portal/Elecciones/2016/PELocales/tipo/unica/CdMex/CandidatasyCandidatos/detalle.html#!/Candidato/10367
PRD,ISAIAS VILLA GONZALEZ,,JOSE LUIS VARGAS BOTELLO,False,
PRD,CARMEN ANTUNA CRUZ,,RUBI ANDREA UVALLE GALAZ,False,
PRD,MIGUEL SALAZAR HERNANDEZ,,RUBEN DURAN TORRES,False,
PRD,ANAHI NAVA FUERTES,,DANIELA NOEMI ESPINDOLA RUEDA,False,
PRD,LUIS ENRIQUE GARCIA QUINTERO,,VICTOR HUGO PUEBLA TREJO,False,
PRD,MARTHA ZALDIVAR HERNANDEZ,,VIRGINIA MELO MIRANDA,False,
PRD,JESUS RIVERO CASAS,,DIEGO IVAN GUTIERREZ GONZALEZ,False,
PRD,MARIA DEL PILAR FIGUEIRAS VALLEJO,,LETICIA SANCHEZ FLORES,False,
PRD,ABRAHAM ALI CRUZ MELCHOR,,FERNANDO ALEJANDRO CASTRO CONTLA,False,
PRD,MARIA SOLEDAD RODRIGUEZ MORENO,,PALOMA LILIANA BARRIOS CALDERON,False,
PRD,CARLOS CESAR SANCHEZ HERNANDEZ,,DAVID OSCAR LAVIN RODRIGUEZ,False,
PRD,CECILIA ESPINOSA GARCIA,,ESTHER TOVAR NAVARRO,False,
PRD,MANUEL MARTINEZ ROMERO,,OSCAR JUAREZ FLORES,False,
PRD,XOCHITL BRAVO ESPINOSA,,ANA KARINA MILLAN RESENDIZ,False,
PRD,OSCAR ALBERTO FLORES MORALES,,JUAN CARLOS LUNA QUINTANAR,False,
PRD,TERESA RAMIREZ MAYA,,REBECA MARGARITA OTERO BRAVO,False,
PRD,GUSTAVO HERNANDEZ CARBAJAL,,JUAN JAIME HERNANDEZ ALMEIDA,False,
PRD,DALID MONDACA MARINERO,,MARIA DE LOS ANGELES CONCEPCION CEBALLOS,False,
PRD,ADRIAN MENDOZA VARELA,,MARIO ENRIQUE GUTIERREZ PEREZ,False,
PRD,JAQUELIN BERENICE PINEDA HERNANDEZ,,ADRIANA FIGUEROA RODRIGUEZ,False,
PRD,LUIS DAVID RICARDO BARBA RUBIO,,MAXIMINO MENDOZA ALVAREZ,False,
PRD,ANA MARIA GUADALUPE GONZALEZ FERRER,,MARCELA OCHOA TORRES,False,
PRD,RICARDO ARREDONDO GARCIA,,ERICK ALAN DE LA ROSA GARCIA,False,
PRD,MARIA ISABEL ARACELI TAPIA MORA,,CINTHYA DANAE GARZA TAPIA,False,
PRD,ARTURO VINICIO BARAJAS CHAVEZ,,ADRIAN MOCTEZUMA MORALES,False,
PT,ADOLFO ORIVE BELLINGER,,OSCAR FRANCISCO CORONADO PASTRANA,False,
PT,CIRCE CAMACHO BASTIDA,,ARELI ITZEL VELASCO DIAZ,False,
PT,EDUARDO MIRANDA ESQUIVEL,,JOSE LUIS LOPEZ LOPEZ,False,
PT,SILVIA ADRIANA ARENAS LOPEZ,,SUANI VILLAR CAMACHO,False,
PT,GENARO CERVANTES VEGA,,JAIME ALVARADO LOPEZ,False,
PT,ANA LAURA LOPEZ MARTINEZ,,GUILIANI ESPINA LEYVA,False,
PT,GUSTAVO DEFFIS COURT,,ANTONIO ALVAREZ PRIETO,False,
PT,GUHENDOLINE DEL RAYO MALDONADO CASAS,,ROSA ISELA LEON MORO,False,
PT,RODOLFO ONDARZA ROVIRA,,DANIEL ALEJANDRO SOBERANES CANDIA,False,
PT,SILVIA ELENA MARTINEZ PINEDA,,MARIA CLAUDIA MORALES LOPEZ,False,
PT,JAIME ORTIZ ALVAREZ,,JESUS GARCIA HERNANDEZ,False,
PT,MARIA GUADALUPE SANCHEZ RIVERA,,YAZMIN MARGARITA SOTO SOTO,False,
PT,ENRICO EMIR CASAS SORIANO,,CARLOS DANTE CASAS SORIANO,False,
PT,CRISTINA RIVERA MARTINEZ,,PENELOPE MARIA DIAZ GOMEZ,False,
PT,HUMBERTO MAUNOS JUAREZ,,ARMANDO CUAUHTEMOC BELTRAN SALDAÑA,False,
PT,SOCORRO SUAREZ MENDOZA,,SANDRA SANCHEZ RAMIREZ,False,
PT,ALEJANDRO CERVANTES ESPINOZA,,CHRISTIAN RAMIREZ CUEVAS,False,
PT,ROSALBA RIVERA MARTINEZ,,SUSANA MARTINEZ CONTRERAS,False,
PT,MANUEL MARTIN MORALES VEGA,,ALEJANDRO ARMANDO LOZANO MALDONADO,False,
PT,MARIA ISABEL CUEVAS IRALA,,KARINA RAMIREZ CUEVAS,False,
PT,FRANCISCO ISMAEL CERVANTES ESPINOZA,,ALFREDO LÓPEZ RAMIREZ,False,
PT,TERESA CAMACHO BASTIDA,,BLANCA EDITH IBARRA MELENDEZ,False,
PT,JOSE DAVID AYALA TOMAS,,JACINTO RODRIGO AYALA TOMAS,False,
PT,KARLA MUÑOZ AYALA,,SAHARA ROSAS GALLEGOS,False,
PT,SERGIO MOISES GARCIA LOPEZ,10979,CESAR LUNA CHAPA,True,https://portalanterior.ine.mx/archivos2/portal/Elecciones/2016/PELocales/tipo/unica/CdMex/CandidatasyCandidatos/detalle.html#!/Candidato/10979
PT,LAURA HERNANDEZ FLORES,,PATRICIA GOMEZ CHONGO,False,
PT,JAVIER RESENDIZ SERRANO,,RICARDO OSORIO HERNANDEZ,False,
PT,MARIA FERNANDA TUSSIE CONTRERAS,,ROSARIO CONTRERAS MORALES,False,
PT,MAURICIO ORTIZ PACHECO,,ALEJANDRO ROBERTO PEREZ PINEDA,False,
PT,LUCIA MARTINEZ AVANTES,,JULIA ISABEL NILA GRANADOS,False,
PT,PEDRO CRUZ PERALTA,,IGNACIO MARIN GARCIA,False,
PT,ERIKA ADRIANA GUEVARA ROSALES,,VERONICA GUEVARA ROSALES,False,
PT,VICTOR GOMEZ FLORES,,ROBERTO TEYOTZIN CAMACHO ESCOBAR,False,
PT,CLAUDIA LAURA HERNANDEZ ESTRADA,,MARIA FERNANDA FRAGOSO TORRES,False,
PT,CHRISTIAN EMMANUEL ORTIZ TORRES,,AURELIO DE GYVES MONTES,False,
PT,MARIA DE JESUS LOPEZ VAZQUEZ,,ANA LUCIA NIETO MATIAS,False,
PT,GERARDO DAVID RODRIGUEZ LOPEZ,,EFRAIN REYES PEREZ,False,
PT,IRMA TERESA HERNANDEZ FLORES,,CECILIA CUEVAS LOPEZ,False,
PT,JAIME BLAS ESPINOSA,,FERNANDO TORRES CORDERO,False,
PT,MONSERRAT ESTRADA CRUZ,,DIANA IVETTE GARCIA JIMENEZ,False,
PT,HUGO ALBERTO DIAZ BARTOLO,,ALEJANDRO GUEVARA ROSALES,False,
PT,MARIA RITA VAZQUEZ ZAMARRIPA,,EVA SOLIS PAREDES,False,
PT,ANGEL AGUILAR MOCTEZUMA,,EFRAIN CARDENAS SANCHEZ,False,
PT,ANA KARINA ROJO PIMENTEL,,NANCY CRISTINA QUEVEDO HERNANDEZ,False,
PT,MARTIN AYALA TOMAS,,EDUARDO RESENDIZ GARCIA,False,
PT,MONTSERRAT CERVANTES ESPINOZA,,VIRIDIANA HERNANDEZ LLERENA,False,
PT,HECTOR FRANCISCO RICARDEZ MENDEZ,,RICARDO DIAZ JIMENEZ,False,
PT,VERONICA SANCHEZ TOVAR,,GISELA SANCHEZ TENJAY,False,
PT,MARIO VAZQUEZ GARCIA,,JORGE BASURTO HERNANDEZ,False,
PT,ROSA MARIA VARGAS TREJO,,MARIA ELENA FLORES GONZALEZ,False,
PT,FELIPE CERVANTES VEGA,,JOSE FRANCISCO CUEVAS IRALA,False,
PT,GUADALUPE IRIGOYEN GALVAN,,EMILIA LIZETH FLORES ROSALES,False,
PT,JOSE LUIS SEGURA PEREZ,,JOSE LEON SORIANO,False,
PT,JACQUELINE MUNGUIA HERNANDEZ,,ARMIDA VALTIERRA ROSAS,False,
PT,MARTINIANO LUNA AYALA,,BENJAMIN REYES FLORES,False,
PT,MARIA DE LOS ANGELES PEREZ SALGADO,,ERIKA CAZANDRA VARGAS GUZMAN,False,
PT,GERMAN ESPINO LOPEZ,,JOSE REYES MONCADA VALENCIA,False,
PT,JESSICA NALLELY ESCAMILLA GUEVARA,,BLANCA MONICA GUEVARA ROSALES,False,
PT,J. TRINIDAD DIAZ RAMOS,,JUAN MORALES CASTILLO,False,
PT,MARIA DEL ROSARIO MUÑOZ CAMPOS,,JULIA CAMPOS MONTERO,False,
PVEM,LUIS ALEJANDRO BUSTOS OLIVARES,10575,ARMANDO MARTINEZ GOMEZ,True,https://portalanterior.ine.mx/archivos2/portal/Elecciones/2016/PELocales/tipo/unica/CdMex/CandidatasyCandidatos/detalle.html#!/Candidato/10575
PVEM,FRIDA ANGELICA GOMEZ PEREZ,,KARLA GABRIELA SANCHEZ ACEVEDO,False,
PVEM,CARLOS JUAN MANUEL DAZA GOMEZ,10583,VICTOR SANTIAGO SERRANO CONTRERAS,True,https://portalanterior.ine.mx/archivos2/portal/Elecciones/2016/PELocales/tipo/unica/CdMex/CandidatasyCandidatos/detalle.html#!/Candidato/10583
PVEM,ALHELY RUBIO ARRONIS,10587,YOLANDA ALICIA LOPEZ MARTINEZ,True,https://portalanterior.ine.mx/archivos2/portal/Elecciones/2016/PELocales/tipo/unica/CdMex/CandidatasyCandidatos/detalle.html#!/Candidato/10587
PVEM,LEONARDO ALVAREZ ROMO,10595,GREGORIO PULIDO OLVERA,True,https://portalanterior.ine.mx/archivos2/portal/Elecciones/2016/PELocales/tipo/unica/CdMex/CandidatasyCandidatos/detalle.html#!/Candidato/10595
PVEM,GRISEL ELIZABETH MARTINEZ ISLAS,,EVELYN LUCERO DE JESUS MAR CORTES,False,
PVEM,CARLOS ARTURO MADRAZO SILVA,10603,JOSE ARTURO SALDIVAR CEJUDO,True,https://portalanterior.ine.mx/archivos2/portal/Elecciones/2016/PELocales/tipo/unica/CdMex/CandidatasyCandidatos/detalle.html#!/Candidato/10603
PVEM,IRAM MARLENE GALAN ZAVALA,10609,GABRIELA GUADALUPE VALDESPINO MOJICA,True,https://portalanterior.ine.mx/archivos2/portal/Elecciones/2016/PELocales/tipo/unica/CdMex/CandidatasyCandidatos/detalle.html#!/Candidato/10609
PVEM,HECTOR GUIJOSA MORA,10613,JOSE CARMELO ZAMORA GARCIA,True,https://portalanterior.ine.mx/archivos2/portal/Elecciones/2016/PELocales/tipo/unica/CdMex/CandidatasyCandidatos/detalle.html#!/Candidato/10613
PVEM,PAULA ALEJANDRA PEREZ CORDOVA,,DULCE MELINA PADILLA BELTRAN,False,
PVEM,CESAR FABRICIO GEORGE CHAVEZ,10625,RUBEN ANGEL VALDES RIVAS,True,https://portalanterior.ine.mx/archivos2/portal/Elecciones/2016/PELocales/tipo/unica/CdMex/CandidatasyCandidatos/detalle.html#!/Candidato/10625
PVEM,MARIA DEL ROSARIO JAIMES CUAJICALCO,10629,REYNA ARELI MONTOYA SANCHEZ,True,https://portalanterior.ine.mx/archivos2/portal/Elecciones/2016/PELocales/tipo/unica/CdMex/CandidatasyCandidatos/detalle.html#!/Candidato/10629
PVEM,YURI PAVON ROMERO,10657,ABRAHAM CARREON GUILLEN,True,https://portalanterior.ine.mx/archivos2/portal/Elecciones/2016/PELocales/tipo/unica/CdMex/CandidatasyCandidatos/detalle.html#!/Candidato/10657
PVEM,ELENA GUADALUPE NOLASCO GUTIERREZ,10661,MARICELA OREGEL CASTILLO,True,https://portalanterior.ine.mx/archivos2/portal/Elecciones/2016/PELocales/tipo/unica/CdMex/CandidatasyCandidatos/detalle.html#!/Candidato/10661
PVEM,JOSE MARIA VAZQUEZ DAVILA,10665,VICENTE LOPEZ CALDERON,True,https://portalanterior.ine.mx/archivos2/portal/Elecciones/2016/PELocales/tipo/unica/CdMex/CandidatasyCandidatos/detalle.html#!/Candidato/10665
PVEM,MARIA DE LOURDES GONZALEZ HERNANDEZ,,MONTSERRAT FERNANDEZ CRUZ,False,
PVEM,SERGIO FLORES RIOS,10669,MARIO CESAR LOPEZ SILVA,True,https://portalanterior.ine.mx/archivos2/portal/Elecciones/2016/PELocales/tipo/unica/CdMex/CandidatasyCandidatos/detalle.html#!/Candidato/10669
PVEM,ALEX VALERIA GORDILLO LOPEZ,,LETICIA GUDIÑO RESENDIZ,False,
PVEM,DAVID ALLAN MUÑOZ DIAZ,10673,HUGO ALONSO PEREZ LEON,True,https://portalanterior.ine.mx/archivos2/portal/Elecciones/2016/PELocales/tipo/unica/CdMex/CandidatasyCandidatos/detalle.html#!/Candidato/10673
PVEM,DIANA IVETH CENOBIO OLMEDO,10675,ALEJANDRA CASTILLO TORRES LANDA,True,https://portalanterior.ine.mx/archivos2/portal/Elecciones/2016/PELocales/tipo/unica/CdMex/CandidatasyCandidatos/detalle.html#!/Candidato/10675
PVEM,ULISES AGUILAR BRAVO,10933,LUIS DIAZ QUEVEDO,True,https://portalanterior.ine.mx/archivos2/portal/Elecciones/2016/PELocales/tipo/unica/CdMex/CandidatasyCandidatos/detalle.html#!/Candidato/10933
PVEM,AZUCENA NUÑEZ VARGAS,10935,MARIA SOFIA LOPEZ SILVA,True,https://portalanterior.ine.mx/archivos2/portal/Elecciones/2016/PELocales/tipo/unica/CdMex/CandidatasyCandidatos/detalle.html#!/Candidato/10935
PVEM,RICARDO DAMIAN MORA LOPEZ,10937,ALEJANDRO LEDESMA LOPEZ,True,https://portalanterior.ine.mx/archivos2/portal/Elecciones/2016/PELocales/tipo/unica/CdMex/CandidatasyCandidatos/detalle.html#!/Candidato/10937
PVEM,MARINA EMILIA SANCHEZ FLORES,10939,ELIA ALMA LOPEZ SILVA,True,https://portalanterior.ine.mx/archivos2/portal/Elecciones/2016/PELocales/tipo/unica/CdMex/CandidatasyCandidatos/detalle.html#!/Candidato/10939
PVEM,JESUS ALBERTO LUNA DIAZ,10941,OSCAR SEBASTIAN OLVERA CONTRERAS,True,https://portalanterior.ine.mx/archivos2/portal/Elecciones/2016/PELocales/tipo/unica/CdMex/CandidatasyCandidatos/detalle.html#!/Candidato/10941
PVEM,ABIGAIL CALA CAMACHO,10943,JOYCE ALICIA PACHECO ALONSO,True,https://portalanterior.ine.mx/archivos2/portal/Elecciones/2016/PELocales/tipo/unica/CdMex/CandidatasyCandidatos/detalle.html#!/Candidato/10943
PVEM,ERIC GARCIA SOSA,10945,HUGO HERNANDEZ GOMEZ,True,https://portalanterior.ine.mx/archivos2/portal/Elecciones/2016/PELocales/tipo/unica/CdMex/CandidatasyCandidatos/detalle.html#!/Candidato/10945
PVEM,SARA GUADALUPE VEGA HERNANDEZ,10947,ANA MARIA PACHECO VILLEGAS,True,https://portalanterior.ine.mx/archivos2/portal/Elecciones/2016/PELocales/tipo/unica/CdMex/CandidatasyCandidatos/detalle.html#!/Candidato/10947
PVEM,JOSE ANTONIO SANCHEZ RAMIREZ,,IÑIGO PEREZ GARCIA,False,
PVEM,SAMANTHA DESSIREY SANCHEZ MONTENEGRO,10951,MARIA ELENA SILVA DELGADO,True,https://portalanterior.ine.mx/archivos2/portal/Elecciones/2016/PELocales/tipo/unica/CdMex/CandidatasyCandidatos/detalle.html#!/Candidato/10951
PVEM,HUGO HERNANDEZ BAUTISTA,10953,FRANCISCO PATIÑO SANCHEZ,True,https://portalanterior.ine.mx/archivos2/portal/Elecciones/2016/PELocales/tipo/unica/CdMex/CandidatasyCandidatos/detalle.html#!/Candidato/10953
PVEM,MONICA GUADALUPE ESPINDOLA AYALA,10955,EMMA ESPINOSA ROMERO,True,https://portalanterior.ine.mx/archivos2/portal/Elecciones/2016/PELocales/tipo/unica/CdMex/CandidatasyCandidatos/detalle.html#!/Candidato/10955
PVEM,VICTOR PATIÑO ROSAS,10957,CESAR ARMANDO UGARTE TRIANA,True,https://portalanterior.ine.mx/archivos2/portal/Elecciones/2016/PELocales/tipo/unica/CdMex/CandidatasyCandidatos/detalle.html#!/Candidato/10957
PVEM,MAYRA ERENDIRA GOMEZ BRAVO,10959,GABRIELA AGUILAR MARTINEZ,True,https://portalanterior.ine.mx/archivos2/portal/Elecciones/2016/PELocales/tipo/unica/CdMex/CandidatasyCandidatos/detalle.html#!/Candidato/10959
PVEM,ALEJANDRO HERMENEGILDO BAUTISTA FLORES,10961,PEDRO ALVAREZ ALONSO,True,https://portalanterior.ine.mx/archivos2/portal/Elecciones/2016/PELocales/tipo/unica/CdMex/CandidatasyCandidatos/detalle.html#!/Candidato/10961
PVEM,KARLA GUADALUPE RODRIGUEZ VALENZUELA,10963,SANDRA CONSUELO CEDILLO RODRIGUEZ,True,https://portalanterior.ine.mx/archivos2/portal/Elecciones/2016/PELocales/tipo/unica/CdMex/CandidatasyCandidatos/detalle.html#!/Candidato/10963
PVEM,RAUL DAVID MORALES ROQUET,,JOSE DANIEL MARTINEZ PACHECO,False,
PVEM,VERONICA UGARTE TRIANA,10967,JOANNA ALEJANDRA VEGA BIESTRO,True,https://portalanterior.ine.mx/archivos2/portal/Elecciones/2016/PELocales/tipo/unica/CdMex/CandidatasyCandidatos/detalle.html#!/Candidato/10967
PVEM,JORGE HERNANDEZ MENDOZA,,FABIAN RUBIO REYES,False,
PVEM,GABRIELA LIZETH ENRIQUEZ RODRIGUEZ,,MARIA DE LOURDES TRIANA GOMEZ,False,
PVEM,ROGIERO JORGE SILVA ACEVEDO,,MARCO ANTONIO PEREZ SALAZAR,False,
PVEM,MARIA JOSE VAZQUEZ LABARGA,,MARIANA GARCIA ROSAS,False,
PVEM,CARLOS ANTONIO KURI UGARTE,,RICARDO LEONCIO MORALES RODRIGUEZ,False,
PVEM,MARTHA LABARGA CALDERON,,MARIA ISABEL HERNANDEZ PEREZ,False,
PVEM,MIGUEL ANGEL CONTRERAS CORRAL,,JOSUE LIRA GIL,False,
PVEM,MARIA ELISA LOPEZ DECAEN,,KARINA SILVIA KURI UGARTE,False,
PVEM,FELIPE BARRIOS AGUILAR,,GUSTAVO VALDESPINO MOJICA,False,
PVEM,MINERVA RUIZ MEJIA,,CLAUDIA RUIZ MEJIA,False,
PVEM,SERGIO ROBERTO SILVA DELGADO,,ALEJANDRO ZUÑIGA ALEJO,False,
PVEM,MERYBETH HERNANDEZ BAUTISTA,,VERONICA GUADALUPE BRUNT GONZALEZ,False,
PVEM,JUAN FRANCISCO FLORES CORRO,,JOSE MANUEL AGUIRRE CALDERON,False,
PVEM,LUCINA TAPIA GUTIERREZ,,MARGARITA GALVAN FABIAN,False,
PVEM,LUIS FABIAN JIMENEZ ANTONIO,,IVAN NAVARRETE MORALES,False,
PVEM,CAROLINA CABALLERO MORA,,MARIA CECILIA LOPEZ SILVA,False,
PVEM,ROBERTO EDUARDO PUIG RAMIREZ,,GILBERTO LOYO VILLARREAL,False,
PVEM,MARIA MARCELA PEREZ FELIPE,11019,VALERIA TIRADO JARILLO,True,https://portalanterior.ine.mx/archivos2/portal/Elecciones/2016/PELocales/tipo/unica/CdMex/CandidatasyCandidatos/detalle.html#!/Candidato/11019
PVEM,CHRISTIAN IVAN GARCIA RAMIREZ,,HUGO GUILLERMO GOMEZ BARRERA,False,
PVEM,JULIA LINARES GOMEZ,11023,ADRIANA FLORES ARROYO,True,https://portalanterior.ine.mx/archivos2/portal/Elecciones/2016/PELocales/tipo/unica/CdMex/CandidatasyCandidatos/detalle.html#!/Candidato/11023
PVEM,OSCAR JIMENEZ RUBIO,11114,ARMANDO UGARTE TAPIA,True,https://portalanterior.ine.mx/archivos2/portal/Elecciones/2016/PELocales/tipo/unica/CdMex/CandidatasyCandidatos/detalle.html#!/Candidato/11114
PVEM,VANESSA CARTHER LOPEZ,,BLANCA PATRICIA SILVA GONZALEZ,False,
MOVIMIENTO CIUDADANO,ESTHELA DAMIAN PERALTA,10419,CARMEN JULIETA MACIAS RABAGO,True,https://portalanterior.ine.mx/archivos2/portal/Elecciones/2016/PELocales/tipo/unica/CdMex/CandidatasyCandidatos/detalle.html#!/Candidato/10419
MOVIMIENTO CIUDADANO,ALEJANDRO CHANONA BURGUETE,10421,NICOLAS ALVARADO MORALES,True,https://portalanterior.ine.mx/archivos2/portal/Elecciones/2016/PELocales/tipo/unica/CdMex/CandidatasyCandidatos/detalle.html#!/Candidato/10421
MOVIMIENTO CIUDADANO,MARIA GABRIELA DELGADO BALLESTEROS,10423,GLORIA ANGELICA CAREAGA PEREZ,True,https://portalanterior.ine.mx/archivos2/portal/Elecciones/2016/PELocales/tipo/unica/CdMex/CandidatasyCandidatos/detalle.html#!/Candidato/10423
MOVIMIENTO CIUDADANO,JOSE OCTAVIO RIVERO VILLASEÑOR,10425,JESUS BENJAMIN CARDENAS GARCIA,True,https://portalanterior.ine.mx/archivos2/portal/Elecciones/2016/PELocales/tipo/unica/CdMex/CandidatasyCandidatos/detalle.html#!/Candidato/10425
MOVIMIENTO CIUDADANO,PERLA YADIRA ESCALANTE DOMINGUEZ,10473,ERICKA CRISTINA PEREZ CAMPOS,True,https://portalanterior.ine.mx/archivos2/portal/Elecciones/2016/PELocales/tipo/unica/CdMex/CandidatasyCandidatos/detalle.html#!/Candidato/10473
MOVIMIENTO CIUDADANO,RAFAEL OCHOA VALDIVIA,10445,FERNANDO ORTIZ CERVANTES,True,https://portalanterior.ine.mx/archivos2/portal/Elecciones/2016/PELocales/tipo/unica/CdMex/CandidatasyCandidatos/detalle.html#!/Candidato/10445
MOVIMIENTO CIUDADANO,MARIA TERESA DE JESUS MANZANARES CRUZ,10427,LORENA GARCIA ALONSO,True,https://portalanterior.ine.mx/archivos2/portal/Elecciones/2016/PELocales/tipo/unica/CdMex/CandidatasyCandidatos/detalle.html#!/Candidato/10427
MOVIMIENTO CIUDADANO,ROMAN DIAZ VAZQUEZ,10435,JONATHAN ISRAEL SANCHEZ MARTINEZ,True,https://portalanterior.ine.mx/archivos2/portal/Elecciones/2016/PELocales/tipo/unica/CdMex/CandidatasyCandidatos/detalle.html#!/Candidato/10435
MOVIMIENTO CIUDADANO,MARIANA IVONNE BRETON HERNANDEZ,10447,DANIELA NITZA GARDUÑO ALVARADO,True,https://portalanterior.ine.mx/archivos2/portal/Elecciones/2016/PELocales/tipo/unica/CdMex/CandidatasyCandidatos/detalle.html#!/Candidato/10447
MOVIMIENTO CIUDADANO,RICARDO ACOSTA ROSALES,10463,IGNACIO RODRIGUEZ GONZALEZ,True,https://portalanterior.ine.mx/archivos2/portal/Elecciones/2016/PELocales/tipo/unica/CdMex/CandidatasyCandidatos/detalle.html#!/Candidato/10463
MOVIMIENTO CIUDADANO,HILDA ELIZABETH AGUILAR GONZALEZ,10449,DENISE LIZBETH NAVA REYES,True,https://portalanterior.ine.mx/archivos2/portal/Elecciones/2016/PELocales/tipo/unica/CdMex/CandidatasyCandidatos/detalle.html#!/Candidato/10449
MOVIMIENTO CIUDADANO,DAVID SANCHEZ CAMACHO,10429,ALFONSO GORDILLO VAZQUEZ,True,https://portalanterior.ine.mx/archivos2/portal/Elecciones/2016/PELocales/tipo/unica/CdMex/CandidatasyCandidatos/detalle.html#!/Candidato/10429
MOVIMIENTO CIUDADANO,LEONOR ALEJANDRA PADILLA ARELLANO,10437,ADOLFINA PEREZ HERNANDEZ,True,https://portalanterior.ine.mx/archivos2/portal/Elecciones/2016/PELocales/tipo/unica/CdMex/CandidatasyCandidatos/detalle.html#!/Candidato/10437
MOVIMIENTO CIUDADANO,ELIAS CARDENAS MARQUEZ,10431,ANDRES SANCHEZ CRUZ,True,https://portalanterior.ine.mx/archivos2/portal/Elecciones/2016/PELocales/tipo/unica/CdMex/CandidatasyCandidatos/detalle.html#!/Candidato/10431
MOVIMIENTO CIUDADANO,MARTHA PATRICIA PANTOJA SANDOVAL,10433,MARIA GUADALUPE VELAZQUEZ GARCIA,True,https://portalanterior.ine.mx/archivos2/portal/Elecciones/2016/PELocales/tipo/unica/CdMex/CandidatasyCandidatos/detalle.html#!/Candidato/10433
MOVIMIENTO CIUDADANO,ELIAS GARCIA APARICIO,10439,EDGAR ALEJANDRO GARCIA SOTO,True,https://portalanterior.ine.mx/archivos2/portal/Elecciones/2016/PELocales/tipo/unica/CdMex/CandidatasyCandidatos/detalle.html#!/Candidato/10439
MOVIMIENTO CIUDADANO,JANNETE ALEJANDRA RAMIREZ AGUILAR,10451,TERESA STEPHANY LOPEZ RIVERA,True,https://portalanterior.ine.mx/archivos2/portal/Elecciones/2016/PELocales/tipo/unica/CdMex/CandidatasyCandidatos/detalle.html#!/Candidato/10451
MOVIMIENTO CIUDADANO,GILBERTO GALVEZ LOPEZ,10459,MANUEL ALEJANDRO PIÑEIRO BARRERA,True,https://portalanterior.ine.mx/archivos2/portal/Elecciones/2016/PELocales/tipo/unica/CdMex/CandidatasyCandidatos/detalle.html#!/Candidato/10459
MOVIMIENTO CIUDADANO,GARDELIA EVILLANO ALVAREZ,10467,ROCIO ITURBE CAMPOS,True,https://portalanterior.ine.mx/archivos2/portal/Elecciones/2016/PELocales/tipo/unica/CdMex/CandidatasyCandidatos/detalle.html#!/Candidato/10467
MOVIMIENTO CIUDADANO,MARTIN ANSELMO MUÑOZ MUNGUIA,10443,JOSE GILBERTO LOPEZ RODRIGUEZ,True,https://portalanterior.ine.mx/archivos2/portal/Elecciones/2016/PELocales/tipo/unica/CdMex/CandidatasyCandidatos/detalle.html#!/Candidato/10443
MOVIMIENTO CIUDADANO,MARIA TERESA NOGUERON MANCILLA,10335,REYNA LEONOR PALAFOX CEDEÑO,True,https://portalanterior.ine.mx/archivos2/portal/Elecciones/2016/PELocales/tipo/unica/CdMex/CandidatasyCandidatos/detalle.html#!/Candidato/10335
MOVIMIENTO CIUDADANO,MIGUEL ANGEL MARTINEZ CUEVAS,10337,JUAN CARLOS CASTAÑEDA LANDIN,True,https://portalanterior.ine.mx/archivos2/portal/Elecciones/2016/PELocales/tipo/unica/CdMex/CandidatasyCandidatos/detalle.html#!/Candidato/10337
MOVIMIENTO CIUDADANO,CLAUDIA BELTRAN TAGLE,10339,CECILIA MAURI MOLINERO DURAND,True,https://portalanterior.ine.mx/archivos2/portal/Elecciones/2016/PELocales/tipo/unica/CdMex/CandidatasyCandidatos/detalle.html#!/Candidato/10339
MOVIMIENTO CIUDADANO,JONATAN RODRIGUEZ RODRIGUEZ,10217,RUBEN EMILIO BASILIO LICONA,True,https://portalanterior.ine.mx/archivos2/portal/Elecciones/2016/PELocales/tipo/unica/CdMex/CandidatasyCandidatos/detalle.html#!/Candidato/10217
MOVIMIENTO CIUDADANO,MARIA LILIANA MEJIA SALAZAR,10219,ANTONIETA IVETTE MARTIGNON LOPEZ,True,https://portalanterior.ine.mx/archivos2/portal/Elecciones/2016/PELocales/tipo/unica/CdMex/CandidatasyCandidatos/detalle.html#!/Candidato/10219
MOVIMIENTO CIUDADANO,ARTURO RODRIGUEZ GUTIERREZ,10221,ARTURO GONZALEZ ELIZALDE,True,https://portalanterior.ine.mx/archivos2/portal/Elecciones/2016/PELocales/tipo/unica/CdMex/CandidatasyCandidatos/detalle.html#!/Candidato/10221
MOVIMIENTO CIUDADANO,CATALINA MAXIMO PEREZ,10223,MELISSA DEYANIRA BENHUMEA FLORES,True,https://portalanterior.ine.mx/archivos2/portal/Elecciones/2016/PELocales/tipo/unica/CdMex/CandidatasyCandidatos/detalle.html#!/Candidato/10223
MOVIMIENTO CIUDADANO,IVAN DE LA CRUZ TEACALCO,10455,VICTOR MANUEL LOPEZ GARCIA,True,https://portalanterior.ine.mx/archivos2/portal/Elecciones/2016/PELocales/tipo/unica/CdMex/CandidatasyCandidatos/detalle.html#!/Candidato/10455
MOVIMIENTO CIUDADANO,ELIZABETH FIGUEROA HURTADO,10341,PAULINA ROBLES HERNANDEZ,True,https://portalanterior.ine.mx/archivos2/portal/Elecciones/2016/PELocales/tipo/unica/CdMex/CandidatasyCandidatos/detalle.html#!/Candidato/10341
MOVIMIENTO CIUDADANO,DAVID RICARDO BENITEZ LOPEZ,10343,JESUS ROGELIO REYES GARCIA,True,https://portalanterior.ine.mx/archivos2/portal/Elecciones/2016/PELocales/tipo/unica/CdMex/CandidatasyCandidatos/detalle.html#!/Candidato/10343
MOVIMIENTO CIUDADANO,XOCHITL ESTELA DE LA CONCHA GARCIA,10183,JESSICA MONTSERRAT VENCES VAZQUEZ,True,https://portalanterior.ine.mx/archivos2/portal/Elecciones/2016/PELocales/tipo/unica/CdMex/CandidatasyCandidatos/detalle.html#!/Candidato/10183
MOVIMIENTO CIUDADANO,ALFONSO ARANA RAMIREZ,10187,RAUL OLAF HERNANDEZ MEDINA,True,https://portalanterior.ine.mx/archivos2/portal/Elecciones/2016/PELocales/tipo/unica/CdMex/CandidatasyCandidatos/detalle.html#!/Candidato/10187
MOVIMIENTO CIUDADANO,MARIA ANGELICA GARCIA BARRERA,10711,ARACELI LOPEZ ESQUIVEL,True,https://portalanterior.ine.mx/archivos2/portal/Elecciones/2016/PELocales/tipo/unica/CdMex/CandidatasyCandidatos/detalle.html#!/Candidato/10711
MOVIMIENTO CIUDADANO,CESAR RUIZ ROQUE,10293,GUSTAVO CELIS VAZQUEZ,True,https://portalanterior.ine.mx/archivos2/portal/Elecciones/2016/PELocales/tipo/unica/CdMex/CandidatasyCandidatos/detalle.html#!/Candidato/10293
MOVIMIENTO CIUDADANO,MARTHA PATRICIA BARRIOS ROJAS,10225,DEISY JIMENEZ VIVAS,True,https://portalanterior.ine.mx/archivos2/portal/Elecciones/2016/PELocales/tipo/unica/CdMex/CandidatasyCandidatos/detalle.html#!/Candidato/10225
MOVIMIENTO CIUDADANO,SALVADOR RAYMUNDO GONZALEZ GUTIERREZ,10227,CUAUHTEMOC RUIZ CRUZ,True,https://portalanterior.ine.mx/archivos2/portal/Elecciones/2016/PELocales/tipo/unica/CdMex/CandidatasyCandidatos/detalle.html#!/Candidato/10227
MOVIMIENTO CIUDADANO,JOSEFINA LOMAS MORENO,10345,ZELTZIN PAULINA BADILLO JUAREZ,True,https://portalanterior.ine.mx/archivos2/portal/Elecciones/2016/PELocales/tipo/unica/CdMex/CandidatasyCandidatos/detalle.html#!/Candidato/10345
MOVIMIENTO CIUDADANO,GUSTAVO ZARCO SANCHEZ,10229,SALVADOR ENRIQUE HERNANDEZ HERNANDEZ,True,https://portalanterior.ine.mx/archivos2/portal/Elecciones/2016/PELocales/tipo/unica/CdMex/CandidatasyCandidatos/detalle.html#!/Candidato/10229
MOVIMIENTO CIUDADANO,JOSEF PATRICIA PONCE DE LEON CASALES,10347,VICTORIA CASTILLO HUESCA,True,https://portalanterior.ine.mx/archivos2/portal/Elecciones/2016/PELocales/tipo/unica/CdMex/CandidatasyCandidatos/detalle.html#!/Candidato/10347
MOVIMIENTO CIUDADANO,MICHEL REYNA BLANCO,10231,LUIS DAMIAN UREÑA DE LA O,True,https://portalanterior.ine.mx/archivos2/portal/Elecciones/2016/PELocales/tipo/unica/CdMex/CandidatasyCandidatos/detalle.html#!/Candidato/10231
MOVIMIENTO CIUDADANO,LETICIA HERNANDEZ SALMERON,10441,NASHELLY CONTRERAS OROZCO,True,https://portalanterior.ine.mx/archivos2/portal/Elecciones/2016/PELocales/tipo/unica/CdMex/CandidatasyCandidatos/detalle.html#!/Candidato/10441
MOVIMIENTO CIUDADANO,RODOLFO HERNANDEZ MIRANDA,10579,ERNESTO LUNA GUTIERREZ,True,https://portalanterior.ine.mx/archivos2/portal/Elecciones/2016/PELocales/tipo/unica/CdMex/CandidatasyCandidatos/detalle.html#!/Candidato/10579
MOVIMIENTO CIUDADANO,CONNIE ROSANELY ALAVEZ LUNA,10453,ARACELI MONTAÑO ROMO,True,https://portalanterior.ine.mx/archivos2/portal/Elecciones/2016/PELocales/tipo/unica/CdMex/CandidatasyCandidatos/detalle.html#!/Candidato/10453
MOVIMIENTO CIUDADANO,JUAN CARLOS HERNANDEZ AGUILAR,10591,ROMAN MASCOTA RAMIREZ,True,https://portalanterior.ine.mx/archivos2/portal/Elecciones/2016/PELocales/tipo/unica/CdMex/CandidatasyCandidatos/detalle.html#!/Candidato/10591
MOVIMIENTO CIUDADANO,JASMIN ROCHA ALARCON,10457,NORMA ESCALONA DEL VALLE,True,https://portalanterior.ine.mx/archivos2/portal/Elecciones/2016/PELocales/tipo/unica/CdMex/CandidatasyCandidatos/detalle.html#!/Candidato/10457
MOVIMIENTO CIUDADANO,ANGEL JAVIER OCAMPO ZAVALETA,10681,OSCAR ARISTA PALACIOS,True,https://portalanterior.ine.mx/archivos2/portal/Elecciones/2016/PELocales/tipo/unica/CdMex/CandidatasyCandidatos/detalle.html#!/Candidato/10681
MOVIMIENTO CIUDADANO,CRUZ ERLYN LOPEZ RIVAS,10461,CINTHIA ZARASUADI LOPEZ AGUILAR,True,https://portalanterior.ine.mx/archivos2/portal/Elecciones/2016/PELocales/tipo/unica/CdMex/CandidatasyCandidatos/detalle.html#!/Candidato/10461
MOVIMIENTO CIUDADANO,GERARDO GIL CORDOVA,10469,SANTOS JIMENEZ HERNANDEZ,True,https://portalanterior.ine.mx/archivos2/portal/Elecciones/2016/PELocales/tipo/unica/CdMex/CandidatasyCandidatos/detalle.html#!/Candidato/10469
MOVIMIENTO CIUDADANO,MARTHA JURADO MANCERA,10475,LIDIA PAOLA AGUILAR GOMEZ,True,https://portalanterior.ine.mx/archivos2/portal/Elecciones/2016/PELocales/tipo/unica/CdMex/CandidatasyCandidatos/detalle.html#!/Candidato/10475
MOVIMIENTO CIUDADANO,JOSE IVAN RESENDIZ CABANZO,10479,FELIPE BECERRIL LLANOS,True,https://portalanterior.ine.mx/archivos2/portal/Elecciones/2016/PELocales/tipo/unica/CdMex/CandidatasyCandidatos/detalle.html#!/Candidato/10479
MOVIMIENTO CIUDADANO,BEATRIZ RAMIREZ HINOJOSA,10487,ANA ELENA NAVA JUAREZ,True,https://portalanterior.ine.mx/archivos2/portal/Elecciones/2016/PELocales/tipo/unica/CdMex/CandidatasyCandidatos/detalle.html#!/Candidato/10487
MOVIMIENTO CIUDADANO,HECTOR JESUS NIEVES HERNANDEZ,10491,FRANCISCO MEDINA ACEVES,True,https://portalanterior.ine.mx/archivos2/portal/Elecciones/2016/PELocales/tipo/unica/CdMex/CandidatasyCandidatos/detalle.html#!/Candidato/10491
MOVIMIENTO CIUDADANO,PATSI VANESSA TISCAREÑO HERNANDEZ,10493,ANGELES PAMELA GUTIERREZ GARCIA,True,https://portalanterior.ine.mx/archivos2/portal/Elecciones/2016/PELocales/tipo/unica/CdMex/CandidatasyCandidatos/detalle.html#!/Candidato/10493
MOVIMIENTO CIUDADANO,JOSE LUIS MARTINEZ ESQUERRA,10495,VICTOR BASILIO LICONA,True,https://portalanterior.ine.mx/archivos2/portal/Elecciones/2016/PELocales/tipo/unica/CdMex/CandidatasyCandidatos/detalle.html#!/Candidato/10495
MOVIMIENTO CIUDADANO,MARGARITA BAHENA OCAMPO,10505,MA.DUINA PEÑA GUTIERREZ,True,https://portalanterior.ine.mx/archivos2/portal/Elecciones/2016/PELocales/tipo/unica/CdMex/CandidatasyCandidatos/detalle.html#!/Candidato/10505
MOVIMIENTO CIUDADANO,JUAN EMILIO BELLO ROMERO,10525,VICTOR GERARDO ARMENDARIZ,True,https://portalanterior.ine.mx/archivos2/portal/Elecciones/2016/PELocales/tipo/unica/CdMex/CandidatasyCandidatos/detalle.html#!/Candidato/10525
MOVIMIENTO CIUDADANO,NORMA TAGLE MARROQUIN,10535,NORMA JUDITH SANCHEZ FLORES,True,https://portalanterior.ine.mx/archivos2/portal/Elecciones/2016/PELocales/tipo/unica/CdMex/CandidatasyCandidatos/detalle.html#!/Candidato/10535
MOVIMIENTO CIUDADANO,MIGUEL OSBALDO JIMENEZ SANTAMARIA,10677,VALERIO RAMIREZ NIETO,True,https://portalanterior.ine.mx/archivos2/portal/Elecciones/2016/PELocales/tipo/unica/CdMex/CandidatasyCandidatos/detalle.html#!/Candidato/10677
MOVIMIENTO CIUDADANO,MARIA DEL PILAR SOLORZANO BERNAL,10679,MARIBELL DE LA PAZ FLORES,True,https://portalanterior.ine.mx/archivos2/portal/Elecciones/2016/PELocales/tipo/unica/CdMex/CandidatasyCandidatos/detalle.html#!/Candidato/10679
MOVIMIENTO CIUDADANO,FERNANDO VALERO ORTIZ,10683,EDUARDO JIMENEZ SANCHEZ,True,https://portalanterior.ine.mx/archivos2/portal/Elecciones/2016/PELocales/tipo/unica/CdMex/CandidatasyCandidatos/detalle.html#!/Candidato/10683
NUEVA ALIANZA,GABRIEL RICARDO QUADRI DE LA TORRE,10119,ORLANDO RAFAEL REYES GOMEZ GALVAN,True,https://portalanterior.ine.mx/archivos2/portal/Elecciones/2016/PELocales/tipo/unica/CdMex/CandidatasyCandidatos/detalle.html#!/Candidato/10119
NUEVA ALIANZA,EDDA ALEJANDRA BEATRIZ MORENO Y TOSCANO,10127,MARIA ANGELICA NADURILLE ALVAREZ,True,https://portalanterior.ine.mx/archivos2/portal/Elecciones/2016/PELocales/tipo/unica/CdMex/CandidatasyCandidatos/detalle.html#!/Candidato/10127
NUEVA ALIANZA,FELIX EUGENIO SANCHEZ AGUILAR,10131,MARCOS CONSTANTINO GONZALEZ ALCOCER,True,https://portalanterior.ine.mx/archivos2/portal/Elecciones/2016/PELocales/tipo/unica/CdMex/CandidatasyCandidatos/detalle.html#!/Candidato/10131
NUEVA ALIANZA,HILDA OLIVIA PEREZ RAMIREZ,10137,LAURA VARGAS ARTEAGA,True,https://portalanterior.ine.mx/archivos2/portal/Elecciones/2016/PELocales/tipo/unica/CdMex/CandidatasyCandidatos/detalle.html#!/Candidato/10137
NUEVA ALIANZA,FADALALA AKABANI HNEIDE,10141,NOE HERNANDEZ DIAZ,True,https://portalanterior.ine.mx/archivos2/portal/Elecciones/2016/PELocales/tipo/unica/CdMex/CandidatasyCandidatos/detalle.html#!/Candidato/10141
NUEVA ALIANZA,AMALIA BIO JIMENEZ,10145,DULCE MARIA VARGAS MILLAN,True,https://portalanterior.ine.mx/archivos2/portal/Elecciones/2016/PELocales/tipo/unica/CdMex/CandidatasyCandidatos/detalle.html#!/Candidato/10145
NUEVA ALIANZA,OSCAR MORENO RAMOS,10149,IÑIGO GONZALEZ DE COSIO CORREDOR,True,https://portalanterior.ine.mx/archivos2/portal/Elecciones/2016/PELocales/tipo/unica/CdMex/CandidatasyCandidatos/detalle.html#!/Candidato/10149
NUEVA ALIANZA,SAMANTHA CAROLINA GOMES FONSECA,10155,MARISOL SORIA ULIBARRI,True,https://portalanterior.ine.mx/archivos2/portal/Elecciones/2016/PELocales/tipo/unica/CdMex/CandidatasyCandidatos/detalle.html#!/Candidato/10155
NUEVA ALIANZA,RAMON ALFREDO SANCHEZ ZEPEDA,10159,MAURICIO DEHESA MORALES,True,https://portalanterior.ine.mx/archivos2/portal/Elecciones/2016/PELocales/tipo/unica/CdMex/CandidatasyCandidatos/detalle.html#!/Candidato/10159
NUEVA ALIANZA,MARIA GUADALUPE GUERRERO SAUCEDO,10163,JUANA LUCIA TORRES,True,https://portalanterior.ine.mx/archivos2/portal/Elecciones/2016/PELocales/tipo/unica/CdMex/CandidatasyCandidatos/detalle.html#!/Candidato/10163
NUEVA ALIANZA,SAMUEL OBED HERNANDEZ SALINAS,10171,MARCO ANTONIO CASTILLO GUERRERO,True,https://portalanterior.ine.mx/archivos2/portal/Elecciones/2016/PELocales/tipo/unica/CdMex/CandidatasyCandidatos/detalle.html#!/Candidato/10171
NUEVA ALIANZA,ANA MARIA VICTORIA LARA RAMIREZ,10173,MARIA LUISA MOTA VILLANUEVA,True,https://portalanterior.ine.mx/archivos2/portal/Elecciones/2016/PELocales/tipo/unica/CdMex/CandidatasyCandidatos/detalle.html#!/Candidato/10173
NUEVA ALIANZA,ERICK JESUS CARO CAMPA,10175,HUGO PARRA SILVA,True,https://portalanterior.ine.mx/archivos2/portal/Elecciones/2016/PELocales/tipo/unica/CdMex/CandidatasyCandidatos/detalle.html#!/Candidato/10175
NUEVA ALIANZA,ZURISADAI CAMACHO CONTRERAS,10179,LAURA KARINA ACEVEDO CHAVEZ,True,https://portalanterior.ine.mx/archivos2/portal/Elecciones/2016/PELocales/tipo/unica/CdMex/CandidatasyCandidatos/detalle.html#!/Candidato/10179
NUEVA ALIANZA,GIOVANI SERNA ROSALES,10185,ALEXIS ADONAI AVILA SOLIS,True,https://portalanterior.ine.mx/archivos2/portal/Elecciones/2016/PELocales/tipo/unica/CdMex/CandidatasyCandidatos/detalle.html#!/Candidato/10185
NUEVA ALIANZA,ESTHER CALDIÑO MERIDA,10189,YOLANDA CRUZ MUÑOZ,True,https://portalanterior.ine.mx/archivos2/portal/Elecciones/2016/PELocales/tipo/unica/CdMex/CandidatasyCandidatos/detalle.html#!/Candidato/10189
NUEVA ALIANZA,LUCIANO QUADRI BARBA,10191,VICTOR FLORENCIO RAMIREZ CABRERA,True,https://portalanterior.ine.mx/archivos2/portal/Elecciones/2016/PELocales/tipo/unica/CdMex/CandidatasyCandidatos/detalle.html#!/Candidato/10191
NUEVA ALIANZA,MARIA DE LOURDES TRINIDAD CABRERA,10193,ROSA MARIA ANTUNEZ ELIAS,True,https://portalanterior.ine.mx/archivos2/portal/Elecciones/2016/PELocales/tipo/unica/CdMex/CandidatasyCandidatos/detalle.html#!/Candidato/10193
NUEVA ALIANZA,RANDOLFO HERNANDEZ MARTINEZ,10195,ARTURO MARTINEZ GUERRERO,True,https://portalanterior.ine.mx/archivos2/portal/Elecciones/2016/PELocales/tipo/unica/CdMex/CandidatasyCandidatos/detalle.html#!/Candidato/10195
NUEVA ALIANZA,PATRICIA PEDRAZA ZUÑIGA,10197,MARIA ISABEL SANDOVAL RAMOS,True,https://portalanterior.ine.mx/archivos2/portal/Elecciones/2016/PELocales/tipo/unica/CdMex/CandidatasyCandidatos/detalle.html#!/Candidato/10197
NUEVA ALIANZA,GERARDO BACHIR MESTRE REYES,10111,GERARDO MESTRE MARTINEZ,True,https://portalanterior.ine.mx/archivos2/portal/Elecciones/2016/PELocales/tipo/unica/CdMex/CandidatasyCandidatos/detalle.html#!/Candidato/10111
NUEVA ALIANZA,CLAUDIA IVONNE MENDOZA PEREGRINA,10113,ALICIA DEL MONTE ZAVALA,True,https://portalanterior.ine.mx/archivos2/portal/Elecciones/2016/PELocales/tipo/unica/CdMex/CandidatasyCandidatos/detalle.html#!/Candidato/10113
NUEVA ALIANZA,VALENTIN EDUARDO MALPICA RODRIGUEZ,10115,ANGEL MARIN TELLEZ,True,https://portalanterior.ine.mx/archivos2/portal/Elecciones/2016/PELocales/tipo/unica/CdMex/CandidatasyCandidatos/detalle.html#!/Candidato/10115
NUEVA ALIANZA,MARIA DEL CARMEN RAMIREZ LOPEZ,10117,MARIA DE JESUS RAMIREZ CORDOBA,True,https://portalanterior.ine.mx/archivos2/portal/Elecciones/2016/PELocales/tipo/unica/CdMex/CandidatasyCandidatos/detalle.html#!/Candidato/10117
NUEVA ALIANZA,ALBERTO SANDOVAL POBLANO,10121,HUBER SOTO ESQUIVEL,True,https://portalanterior.ine.mx/archivos2/portal/Elecciones/2016/PELocales/tipo/unica/CdMex/CandidatasyCandidatos/detalle.html#!/Candidato/10121
NUEVA ALIANZA,MA. CONCEPCION GARCIA DE LA ROSA,,AURELIA MONTALVO ALEMAN,False,
NUEVA ALIANZA,ANTONIO YANNIC MARTINEZ SANCHEZ,10125,LUIS RAUL GARCIA MORENO,True,https://portalanterior.ine.mx/archivos2/portal/Elecciones/2016/PELocales/tipo/unica/CdMex/CandidatasyCandidatos/detalle.html#!/Candidato/10125
NUEVA ALIANZA,ESPERANZA OJEDA OLVERA,10129,ALETHIA LUNA CASTELLANOS,True,https://portalanterior.ine.mx/archivos2/portal/Elecciones/2016/PELocales/tipo/unica/CdMex/CandidatasyCandidatos/detalle.html#!/Candidato/10129
NUEVA ALIANZA,LUIS ANTONIO VALDEZ VAZQUEZ,10133,CARLOS ACEVES HERNANDEZ,True,https://portalanterior.ine.mx/archivos2/portal/Elecciones/2016/PELocales/tipo/unica/CdMex/CandidatasyCandidatos/detalle.html#!/Candidato/10133
NUEVA ALIANZA,ANEL JANNETH CARPIO MORALES,10135,FRANCISCA MARIELA GOMEZ ROQUERO,True,https://portalanterior.ine.mx/archivos2/portal/Elecciones/2016/PELocales/tipo/unica/CdMex/CandidatasyCandidatos/detalle.html#!/Candidato/10135
NUEVA ALIANZA,RAMON ZEFERINO SANCHEZ GRANADOS,,LEOPOLDO FLORES GARCIA,False,
NUEVA ALIANZA,SANDRA OLGA ROSALES HINOJOSA,10143,GIOVANNA MICHAELL MONROY ROSALES,True,https://portalanterior.ine.mx/archivos2/portal/Elecciones/2016/PELocales/tipo/unica/CdMex/CandidatasyCandidatos/detalle.html#!/Candidato/10143
NUEVA ALIANZA,JOSE LUIS BOJORGES RAMIREZ,10147,BERTOLDO MAURILIO CORTES RENDON,True,https://portalanterior.ine.mx/archivos2/portal/Elecciones/2016/PELocales/tipo/unica/CdMex/CandidatasyCandidatos/detalle.html#!/Candidato/10147
NUEVA ALIANZA,ARMIDA ELIZABETH CORONA RUGERIO,10151,AURORA CASTILLO SANDOVAL,True,https://portalanterior.ine.mx/archivos2/portal/Elecciones/2016/PELocales/tipo/unica/CdMex/CandidatasyCandidatos/detalle.html#!/Candidato/10151
NUEVA ALIANZA,TOMAS SEVILLA TALAVERA,10153,HECTOR JAVIER MALDONADO MENDOZA,True,https://portalanterior.ine.mx/archivos2/portal/Elecciones/2016/PELocales/tipo/unica/CdMex/CandidatasyCandidatos/detalle.html#!/Candidato/10153
NUEVA ALIANZA,MARIA DEL CARMEN PORTILLO GONZALEZ,10157,MA. GUADALUPE CASTILLO HERNANDEZ,True,https://portalanterior.ine.mx/archivos2/portal/Elecciones/2016/PELocales/tipo/unica/CdMex/CandidatasyCandidatos/detalle.html#!/Candidato/10157
NUEVA ALIANZA,ERIK ROBERTO IZQUIERDO GOROSTIETA,10161,ODIN PARRA SANTILLAN,True,https://portalanterior.ine.mx/archivos2/portal/Elecciones/2016/PELocales/tipo/unica/CdMex/CandidatasyCandidatos/detalle.html#!/Candidato/10161
NUEVA ALIANZA,MARIA DE LOURDES DANIELA TORRES BERNAL,10165,DULCE ANGELICA CEDILLO MENDEZ,True,https://portalanterior.ine.mx/archivos2/portal/Elecciones/2016/PELocales/tipo/unica/CdMex/CandidatasyCandidatos/detalle.html#!/Candidato/10165
NUEVA ALIANZA,RICARDO ENRIQUE FLORES PABLO,10167,ERNESTO MENDOZA GONZALEZ,True,https://portalanterior.ine.mx/archivos2/portal/Elecciones/2016/PELocales/tipo/unica/CdMex/CandidatasyCandidatos/detalle.html#!/Candidato/10167
NUEVA ALIANZA,MONICA NAVA ESTRADA,10169,BEATRIZ ESTRADA RUIZ,True,https://portalanterior.ine.mx/archivos2/portal/Elecciones/2016/PELocales/tipo/unica/CdMex/CandidatasyCandidatos/detalle.html#!/Candidato/10169
NUEVA ALIANZA,ALEJANDRO TELLO PADILLA,10233,DANTE SERGIO PIÑA GALICIA,True,https://portalanterior.ine.mx/archivos2/portal/Elecciones/2016/PELocales/tipo/unica/CdMex/CandidatasyCandidatos/detalle.html#!/Candidato/10233
NUEVA ALIANZA,ADRIANA YURIRIA GONZALEZ GONZALEZ,10235,VERONICA ALVAREZ YNESA,True,https://portalanterior.ine.mx/archivos2/portal/Elecciones/2016/PELocales/tipo/unica/CdMex/CandidatasyCandidatos/detalle.html#!/Candidato/10235
NUEVA ALIANZA,MOISES SALAS ORTEGA,10237,GERARDO MIGUEL MACIEL,True,https://portalanterior.ine.mx/archivos2/portal/Elecciones/2016/PELocales/tipo/unica/CdMex/CandidatasyCandidatos/detalle.html#!/Candidato/10237
NUEVA ALIANZA,MARGARITA LOPEZ LUGO,10239,ANAHI VIRIDIANA MIRANDA LUGO,True,https://portalanterior.ine.mx/archivos2/portal/Elecciones/2016/PELocales/tipo/unica/CdMex/CandidatasyCandidatos/detalle.html#!/Candidato/10239
NUEVA ALIANZA,JOSE ENRIQUE MARTINEZ MARTINEZ,10241,RAFAEL ALBERTO JIMENEZ REYES,True,https://portalanterior.ine.mx/archivos2/portal/Elecciones/2016/PELocales/tipo/unica/CdMex/CandidatasyCandidatos/detalle.html#!/Candidato/10241
NUEVA ALIANZA,EVA SANCHEZ MORALES,10243,RODMINA BANDIN ALVAREZ,True,https://portalanterior.ine.mx/archivos2/portal/Elecciones/2016/PELocales/tipo/unica/CdMex/CandidatasyCandidatos/detalle.html#!/Candidato/10243
NUEVA ALIANZA,TOMAS CANTU LOPEZ,10245,TOMAS CANTU GONZALEZ,True,https://portalanterior.ine.mx/archivos2/portal/Elecciones/2016/PELocales/tipo/unica/CdMex/CandidatasyCandidatos/detalle.html#!/Candidato/10245
NUEVA ALIANZA,BRENDA ELISA LOZANO MARTINEZ,10247,SOFIA ABIGAIL LOZANO MARTINEZ,True,https://portalanterior.ine.mx/archivos2/portal/Elecciones/2016/PELocales/tipo/unica/CdMex/CandidatasyCandidatos/detalle.html#!/Candidato/10247
NUEVA ALIANZA,JESUS EDGAR TORRES CONTRERAS,10249,MARCO ANTONIO ROSAS DE LA CRUZ,True,https://portalanterior.ine.mx/archivos2/portal/Elecciones/2016/PELocales/tipo/unica/CdMex/CandidatasyCandidatos/detalle.html#!/Candidato/10249
NUEVA ALIANZA,RIBKA ESPINOZA PALACIOS,10251,KARLA NAZHEL REYES LAUREL,True,https://portalanterior.ine.mx/archivos2/portal/Elecciones/2016/PELocales/tipo/unica/CdMex/CandidatasyCandidatos/detalle.html#!/Candidato/10251
NUEVA ALIANZA,ALFONSO ALCANTARA FLORES,10253,GUSTAVO SIERRA ARRIAGA,True,https://portalanterior.ine.mx/archivos2/portal/Elecciones/2016/PELocales/tipo/unica/CdMex/CandidatasyCandidatos/detalle.html#!/Candidato/10253
NUEVA ALIANZA,MARIA HERNANDEZ PEREA,10255,ROSA HUERTA ESPINOSA,True,https://portalanterior.ine.mx/archivos2/portal/Elecciones/2016/PELocales/tipo/unica/CdMex/CandidatasyCandidatos/detalle.html#!/Candidato/10255
NUEVA ALIANZA,SALVADOR ISAAC GINORI REYES,10257,RICARDO RAMIREZ ISLAS,True,https://portalanterior.ine.mx/archivos2/portal/Elecciones/2016/PELocales/tipo/unica/CdMex/CandidatasyCandidatos/detalle.html#!/Candidato/10257
NUEVA ALIANZA,ROSA MARGARITA ROSALES VILLANUEVA,,MARIA ESTHER TRUJILLO LOPEZ,False,
NUEVA ALIANZA,CUAUHTEMOC CUTBERTO ROBLES SAN MIGUEL,10261,JOSE AQUILEO TLAPALE BERNAL,True,https://portalanterior.ine.mx/archivos2/portal/Elecciones/2016/PELocales/tipo/unica/CdMex/CandidatasyCandidatos/detalle.html#!/Candidato/10261
NUEVA ALIANZA,YOLANDA ORTEGA GARCIA,10263,MARTHA GUADALUPE CORTES PEREZ,True,https://portalanterior.ine.mx/archivos2/portal/Elecciones/2016/PELocales/tipo/unica/CdMex/CandidatasyCandidatos/detalle.html#!/Candidato/10263
NUEVA ALIANZA,BENJAMIN ISACC FALCON TREJO,10265,ARTURO SAID MARTINEZ REBOLLO,True,https://portalanterior.ine.mx/archivos2/portal/Elecciones/2016/PELocales/tipo/unica/CdMex/CandidatasyCandidatos/detalle.html#!/Candidato/10265
NUEVA ALIANZA,LUCERO PALACIOS GALICIA,10267,CLAUDIA VERONICA RAMOS RODRIGUEZ,True,https://portalanterior.ine.mx/archivos2/portal/Elecciones/2016/PELocales/tipo/unica/CdMex/CandidatasyCandidatos/detalle.html#!/Candidato/10267
NUEVA ALIANZA,JUAN CARLOS ROMO FONSECA,10269,LUIS ANTONIO RAMIREZ ROMERO,True,https://portalanterior.ine.mx/archivos2/portal/Elecciones/2016/PELocales/tipo/unica/CdMex/CandidatasyCandidatos/detalle.html#!/Candidato/10269
NUEVA ALIANZA,TANIA ELIZABETH GAMBOA SANCHEZ,10271,TANIA NAYELY RIVERA SANCHEZ,True,https://portalanterior.ine.mx/archivos2/portal/Elecciones/2016/PELocales/tipo/unica/CdMex/CandidatasyCandidatos/detalle.html#!/Candidato/10271
MORENA,IRMA ERENDIRA SANDOVAL BALLESTEROS,10029,CAROL BERENICE ARRIAGA GARCIA,True,https://portalanterior.ine.mx/archivos2/portal/Elecciones/2016/PELocales/tipo/unica/CdMex/CandidatasyCandidatos/detalle.html#!/Candidato/10029
MORENA,BERNARDO BATIZ VAZQUEZ,10031,JOSE RAMON PUENTE GOMEZ,True,https://portalanterior.ine.mx/archivos2/portal/Elecciones/2016/PELocales/tipo/unica/CdMex/CandidatasyCandidatos/detalle.html#!/Candidato/10031
MORENA,BERTHA ELENA LUJAN URANGA,10033,VERA PATRICIA CRUZ NIETO,True,https://portalanterior.ine.mx/archivos2/portal/Elecciones/2016/PELocales/tipo/unica/CdMex/CandidatasyCandidatos/detalle.html#!/Candidato/10033
MORENA,BRUNO IVAN BICHIR NAJERA,10035,JAIME GENARO LOPEZ VELA,True,https://portalanterior.ine.mx/archivos2/portal/Elecciones/2016/PELocales/tipo/unica/CdMex/CandidatasyCandidatos/detalle.html#!/Candidato/10035
MORENA,CLARA MARINA BRUGADA MOLINA,10037,EDNA ELENA VEGA RANGEL,True,https://portalanterior.ine.mx/archivos2/portal/Elecciones/2016/PELocales/tipo/unica/CdMex/CandidatasyCandidatos/detalle.html#!/Candidato/10037
MORENA,CARLOS PAYAN Y VELVER,10039,JESUS RAMIREZ CUEVAS,True,https://portalanterior.ine.mx/archivos2/portal/Elecciones/2016/PELocales/tipo/unica/CdMex/CandidatasyCandidatos/detalle.html#!/Candidato/10039
MORENA,LILIA EUGENIA ROSSBACH SUAREZ,10041,MARTHA PATRICIA LLAGUNO PEREZ,True,https://portalanterior.ine.mx/archivos2/portal/Elecciones/2016/PELocales/tipo/unica/CdMex/CandidatasyCandidatos/detalle.html#!/Candidato/10041
MORENA,JAIME FERNANDO CARDENAS GRACIA,10043,JAIME MIGUEL CASTAÑEDA SALAS,True,https://portalanterior.ine.mx/archivos2/portal/Elecciones/2016/PELocales/tipo/unica/CdMex/CandidatasyCandidatos/detalle.html#!/Candidato/10043
MORENA,PATRICIA JIMENA ORTIZ COUTURIER,10045,VIRIDIANA GONZALEZ MARTINEZ,True,https://portalanterior.ine.mx/archivos2/portal/Elecciones/2016/PELocales/tipo/unica/CdMex/CandidatasyCandidatos/detalle.html#!/Candidato/10045
MORENA,MARDONIO CARBALLO MANUEL,10047,ARISTEO LOPEZ PEREZ,True,https://portalanterior.ine.mx/archivos2/portal/Elecciones/2016/PELocales/tipo/unica/CdMex/CandidatasyCandidatos/detalle.html#!/Candidato/10047
MORENA,GABRIELA RODRIGUEZ RAMIREZ,10049,PATRICIA RAMIREZ KURI,True,https://portalanterior.ine.mx/archivos2/portal/Elecciones/2016/PELocales/tipo/unica/CdMex/CandidatasyCandidatos/detalle.html#!/Candidato/10049
MORENA,JAVIER QUIJANO Y BAZ,10051,ENRIQUE DE LA ROSA LUNA PARRA,True,https://portalanterior.ine.mx/archivos2/portal/Elecciones/2016/PELocales/tipo/unica/CdMex/CandidatasyCandidatos/detalle.html#!/Candidato/10051
MORENA,MARGARITA MARIA VALDES GONZALEZ SALAS,10053,RUTH APOLINAR MALDONADO,True,https://portalanterior.ine.mx/archivos2/portal/Elecciones/2016/PELocales/tipo/unica/CdMex/CandidatasyCandidatos/detalle.html#!/Candidato/10053
MORENA,HECTOR HERMILO BONILLA REBENTUN,10055,BENITO MIRON LINCE,True,https://portalanterior.ine.mx/archivos2/portal/Elecciones/2016/PELocales/tipo/unica/CdMex/CandidatasyCandidatos/detalle.html#!/Candidato/10055
MORENA,ELVIRA DANIEL KABBAZ ZAGA,10057,PALOMA MONTES GARCIA,True,https://portalanterior.ine.mx/archivos2/portal/Elecciones/2016/PELocales/tipo/unica/CdMex/CandidatasyCandidatos/detalle.html#!/Candidato/10057
MORENA,RAUL BAUTISTA GONZALEZ,10059,JAIME GARCIA ROSAS,True,https://portalanterior.ine.mx/archivos2/portal/Elecciones/2016/PELocales/tipo/unica/CdMex/CandidatasyCandidatos/detalle.html#!/Candidato/10059
MORENA,MA. DEL CONSUELO SANCHEZ RODRIGUEZ,10061,GISELA GONZALEZ GUERRA,True,https://portalanterior.ine.mx/archivos2/portal/Elecciones/2016/PELocales/tipo/unica/CdMex/CandidatasyCandidatos/detalle.html#!/Candidato/10061
MORENA,FABRIZIO ANTONIO MEJIA MADRID,10063,MARATH BARUCH BOLAÑOS LOPEZ,True,https://portalanterior.ine.mx/archivos2/portal/Elecciones/2016/PELocales/tipo/unica/CdMex/CandidatasyCandidatos/detalle.html#!/Candidato/10063
MORENA,MARTHA PATRICIA RUIZ ANCHONDO,10065,ALEJANDRA REINA BERNAL HERNANDEZ,True,https://portalanterior.ine.mx/archivos2/portal/Elecciones/2016/PELocales/tipo/unica/CdMex/CandidatasyCandidatos/detalle.html#!/Candidato/10065
MORENA,JORGE DAMIAN ALCAZAR CASTELLO,10073,JAIME EDUARDO ROJO CEDILLO,True,https://portalanterior.ine.mx/archivos2/portal/Elecciones/2016/PELocales/tipo/unica/CdMex/CandidatasyCandidatos/detalle.html#!/Candidato/10073
MORENA,MAYELA EUGENIA DELGADILLO BARCENA,10079,CECILIA LAURA JORDAN HORTUBE,True,https://portalanterior.ine.mx/archivos2/portal/Elecciones/2016/PELocales/tipo/unica/CdMex/CandidatasyCandidatos/detalle.html#!/Candidato/10079
MORENA,JAVIER JIMENEZ ESPRIU,10081,GUSTAVO ALEJANDRO GUILLEN SAMPERIO,True,https://portalanterior.ine.mx/archivos2/portal/Elecciones/2016/PELocales/tipo/unica/CdMex/CandidatasyCandidatos/detalle.html#!/Candidato/10081
MORENA,NORMA ESPERANZA LIRA SAADE,10083,CLARA ROBLEDO VILLAVICENCIO,True,https://portalanterior.ine.mx/archivos2/portal/Elecciones/2016/PELocales/tipo/unica/CdMex/CandidatasyCandidatos/detalle.html#!/Candidato/10083
MORENA,RAMON JIMENEZ LOPEZ,10085,ARQUIMIDES PEREZ BELLO,True,https://portalanterior.ine.mx/archivos2/portal/Elecciones/2016/PELocales/tipo/unica/CdMex/CandidatasyCandidatos/detalle.html#!/Candidato/10085
MORENA,MARTHA ELVIA PEREZ BEJARANO,10087,ROSA MARIA HERNANDEZ DURAN,True,https://portalanterior.ine.mx/archivos2/portal/Elecciones/2016/PELocales/tipo/unica/CdMex/CandidatasyCandidatos/detalle.html#!/Candidato/10087
MORENA,DANIEL ASAF MANJARREZ,10089,ABRAHAM VAZQUEZ PICENO,True,https://portalanterior.ine.mx/archivos2/portal/Elecciones/2016/PELocales/tipo/unica/CdMex/CandidatasyCandidatos/detalle.html#!/Candidato/10089
MORENA,FIORELLA GIOVANNA FABBRI DIAZ,10091,MONICA ALICIA MIERES HERMOSILLO,True,https://portalanterior.ine.mx/archivos2/portal/Elecciones/2016/PELocales/tipo/unica/CdMex/CandidatasyCandidatos/detalle.html#!/Candidato/10091
MORENA,ALEJANDRO ROJAS DIAZ DURAN,10093,DIEGO CAMACHO AQUIAHUATL,True,https://portalanterior.ine.mx/archivos2/portal/Elecciones/2016/PELocales/tipo/unica/CdMex/CandidatasyCandidatos/detalle.html#!/Candidato/10093
MORENA,LARISA ORTIZ QUINTERO,10095,MARIA LUISA RIVERA GRIJALVA,True,https://portalanterior.ine.mx/archivos2/portal/Elecciones/2016/PELocales/tipo/unica/CdMex/CandidatasyCandidatos/detalle.html#!/Candidato/10095
MORENA,JOSE NERI MORALES,10097,HILARIO SALVADOR,True,https://portalanterior.ine.mx/archivos2/portal/Elecciones/2016/PELocales/tipo/unica/CdMex/CandidatasyCandidatos/detalle.html#!/Candidato/10097
MORENA,MARIA DE LOS DOLORES HEREDIA LERMA,10067,YURIRIA EUGENIA ITURRIAGA DE LA FUENTE,True,https://portalanterior.ine.mx/archivos2/portal/Elecciones/2016/PELocales/tipo/unica/CdMex/CandidatasyCandidatos/detalle.html#!/Candidato/10067
MORENA,JOSE DE JESUS MARTIN DEL CAMPO CASTAÑEDA,10069,NOE GARCIA ORTIZ,True,https://portalanterior.ine.mx/archivos2/portal/Elecciones/2016/PELocales/tipo/unica/CdMex/CandidatasyCandidatos/detalle.html#!/Candidato/10069
MORENA,ELVIRA MARQUEZ VITE,10071,AMERICA MIRANDA RESENDIZ,True,https://portalanterior.ine.mx/archivos2/portal/Elecciones/2016/PELocales/tipo/unica/CdMex/CandidatasyCandidatos/detalle.html#!/Candidato/10071
MORENA,MIGUEL CUAUHTEMOC CORTES ROCHA,10075,DIEGO ALBERTO HERNANDEZ GUTIERREZ,True,https://portalanterior.ine.mx/archivos2/portal/Elecciones/2016/PELocales/tipo/unica/CdMex/CandidatasyCandidatos/detalle.html#!/Candidato/10075
MORENA,ERIKA VANESSA DEL CASTLLO IBARRA,10077,VERONICA BUSTAMANTE MARTINEZ,True,https://portalanterior.ine.mx/archivos2/portal/Elecciones/2016/PELocales/tipo/unica/CdMex/CandidatasyCandidatos/detalle.html#!/Candidato/10077
MORENA,ANTONIO MARTINEZ VELAZQUEZ,10099,RENE MARTINEZ RAMIREZ,True,https://portalanterior.ine.mx/archivos2/portal/Elecciones/2016/PELocales/tipo/unica/CdMex/CandidatasyCandidatos/detalle.html#!/Candidato/10099
MORENA,ZOIA ELIETH FERNANDEZ MEJIA,10101,MARIA CAMELIA RETIZ PERALTA,True,https://portalanterior.ine.mx/archivos2/portal/Elecciones/2016/PELocales/tipo/unica/CdMex/CandidatasyCandidatos/detalle.html#!/Candidato/10101
MORENA,MIGUEL SORIA GOMEZ,10103,GONZALO FERNANDEZ BRAVO,True,https://portalanterior.ine.mx/archivos2/portal/Elecciones/2016/PELocales/tipo/unica/CdMex/CandidatasyCandidatos/detalle.html#!/Candidato/10103
MORENA,ANA MARIA MUÑOZ GALICIA,10105,ESMERALDA GARCIA FLORES,True,https://portalanterior.ine.mx/archivos2/portal/Elecciones/2016/PELocales/tipo/unica/CdMex/CandidatasyCandidatos/detalle.html#!/Candidato/10105
MORENA,GIBRAN RAMIREZ REYES,10107,FRANCISCO NETZAHUALCOYOTL MARTINEZ AVIÑA,True,https://portalanterior.ine.mx/archivos2/portal/Elecciones/2016/PELocales/tipo/unica/CdMex/CandidatasyCandidatos/detalle.html#!/Candidato/10107
MORENA,RAMONA MERCED BENCOMO ROMERO,9991,LAURA AURORA ESTRADA CUELLAR,True,https://portalanterior.ine.mx/archivos2/portal/Elecciones/2016/PELocales/tipo/unica/CdMex/CandidatasyCandidatos/detalle.html#!/Candidato/9991
MORENA,ROBERTO FRANCISCO ESCUDERO CASTELLANOS,9993,FERNANDO CORZO OSORIO,True,https://portalanterior.ine.mx/archivos2/portal/Elecciones/2016/PELocales/tipo/unica/CdMex/CandidatasyCandidatos/detalle.html#!/Candidato/9993
MORENA,GABRIELA OSORIO HERNANDEZ,9995,LETICIA ELIZABETH VELASCO GONZALEZ,True,https://portalanterior.ine.mx/archivos2/portal/Elecciones/2016/PELocales/tipo/unica/CdMex/CandidatasyCandidatos/detalle.html#!/Candidato/9995
MORENA,MOISES ALAIN ARAF HOP,9997,MANUEL CUNG CUKIERT,True,https://portalanterior.ine.mx/archivos2/portal/Elecciones/2016/PELocales/tipo/unica/CdMex/CandidatasyCandidatos/detalle.html#!/Candidato/9997
MORENA,IRMA LARA LOPEZ,10109,FLOR DE MARIA MOLOTLA JARDINES,True,https://portalanterior.ine.mx/archivos2/portal/Elecciones/2016/PELocales/tipo/unica/CdMex/CandidatasyCandidatos/detalle.html#!/Candidato/10109
MORENA,FEDERICO TABOADA LOPEZ,9999,DANIEL ANDRES SIBAJA GONZALEZ,True,https://portalanterior.ine.mx/archivos2/portal/Elecciones/2016/PELocales/tipo/unica/CdMex/CandidatasyCandidatos/detalle.html#!/Candidato/9999
MORENA,COINTA LAGUNES CRUZ,10001,ELIZABETH TORRES MENES,True,https://portalanterior.ine.mx/archivos2/portal/Elecciones/2016/PELocales/tipo/unica/CdMex/CandidatasyCandidatos/detalle.html#!/Candidato/10001
MORENA,JULIAN CASTRUITA SANCHEZ,10003,JOSE ALBERTO MARTINEZ TOVAR,True,https://portalanterior.ine.mx/archivos2/portal/Elecciones/2016/PELocales/tipo/unica/CdMex/CandidatasyCandidatos/detalle.html#!/Candidato/10003
MORENA,TERESA GARDUÑO MARTINEZ,10005,VERONICA AVILA BARRON,True,https://portalanterior.ine.mx/archivos2/portal/Elecciones/2016/PELocales/tipo/unica/CdMex/CandidatasyCandidatos/detalle.html#!/Candidato/10005
MORENA,FILEMON BRAVO OLGUIN,10007,JOSE FRANCO ARMENTA CORTES,True,https://portalanterior.ine.mx/archivos2/portal/Elecciones/2016/PELocales/tipo/unica/CdMex/CandidatasyCandidatos/detalle.html#!/Candidato/10007
MORENA,EDITH ARRIETA MEZA,10009,CYNTHIA MUÑOZ ROBLES,True,https://portalanterior.ine.mx/archivos2/portal/Elecciones/2016/PELocales/tipo/unica/CdMex/CandidatasyCandidatos/detalle.html#!/Candidato/10009
MORENA,FROYLAN RAMON RASCON CORDOVA,10011,JOSE ENRIQUE VALDIVIA CEDILLO,True,https://portalanterior.ine.mx/archivos2/portal/Elecciones/2016/PELocales/tipo/unica/CdMex/CandidatasyCandidatos/detalle.html#!/Candidato/10011
MORENA,ALEJANDRA RAMIREZ OLIVA,10013,STEFANI CORTES ROJAS,True,https://portalanterior.ine.mx/archivos2/portal/Elecciones/2016/PELocales/tipo/unica/CdMex/CandidatasyCandidatos/detalle.html#!/Candidato/10013
MORENA,JORGE RENE GONZALEZ HERNANDEZ,10015,EDUARDO MORALES DIAZ DE LEON,True,https://portalanterior.ine.mx/archivos2/portal/Elecciones/2016/PELocales/tipo/unica/CdMex/CandidatasyCandidatos/detalle.html#!/Candidato/10015
MORENA,VIRGINIA CHAVEZ LOPEZ,10017,CLAUDIA DENISE AVILA GUILLEN,True,https://portalanterior.ine.mx/archivos2/portal/Elecciones/2016/PELocales/tipo/unica/CdMex/CandidatasyCandidatos/detalle.html#!/Candidato/10017
MORENA,DIEGO CESAR VALDEZ LOPEZ,10019,MARIO GABRIEL ROSAS JUAREZ,True,https://portalanterior.ine.mx/archivos2/portal/Elecciones/2016/PELocales/tipo/unica/CdMex/CandidatasyCandidatos/detalle.html#!/Candidato/10019
MORENA,MARIA CRISTINA CRUZ CRUZ,10021,MARIA ELENA MORALES ZEA,True,https://portalanterior.ine.mx/archivos2/portal/Elecciones/2016/PELocales/tipo/unica/CdMex/CandidatasyCandidatos/detalle.html#!/Candidato/10021
MORENA,FELIX ORLANDO TAPIA MEDINA,10023,ELEAZAR RUBIO ALDARAN,True,https://portalanterior.ine.mx/archivos2/portal/Elecciones/2016/PELocales/tipo/unica/CdMex/CandidatasyCandidatos/detalle.html#!/Candidato/10023
MORENA,ESTHER SILVIA CUELLAR MONDRAGON,10025,MARCELA VILLASEÑOR ROMERO,True,https://portalanterior.ine.mx/archivos2/portal/Elecciones/2016/PELocales/tipo/unica/CdMex/CandidatasyCandidatos/detalle.html#!/Candidato/10025
MORENA,JOSE ARTURO OCAMPO FRANCO,10027,JUAN ALBERTO CHAVARRIA RODRIGUEZ,True,https://portalanterior.ine.mx/archivos2/portal/Elecciones/2016/PELocales/tipo/unica/CdMex/CandidatasyCandidatos/detalle.html#!/Candidato/10027
ENCUENTRO SOCIAL,JOSE ANDRES MILLAN ARROYO,10723,BERLIN RODRIGUEZ SORIA,True,https://portalanterior.ine.mx/archivos2/portal/Elecciones/2016/PELocales/tipo/unica/CdMex/CandidatasyCandidatos/detalle.html#!/Candidato/10723
ENCUENTRO SOCIAL,AIDA ARREGUI GUERRERO,10727,ALEJANDRINA MORENO ROMERO,True,https://portalanterior.ine.mx/archivos2/portal/Elecciones/2016/PELocales/tipo/unica/CdMex/CandidatasyCandidatos/detalle.html#!/Candidato/10727
ENCUENTRO SOCIAL,MIGUEL LUCIEN BURLE RODRIGUEZ,11106,INOCENCIO JUVENCIO HERNANDEZ HERNANDEZ,True,https://portalanterior.ine.mx/archivos2/portal/Elecciones/2016/PELocales/tipo/unica/CdMex/CandidatasyCandidatos/detalle.html#!/Candidato/11106
ENCUENTRO SOCIAL,LUCILA ROMERO Y JIMENEZ CANET,10737,ARELY HERRERA RANGEL,True,https://portalanterior.ine.mx/archivos2/portal/Elecciones/2016/PELocales/tipo/unica/CdMex/CandidatasyCandidatos/detalle.html#!/Candidato/10737
ENCUENTRO SOCIAL,ARMANDO GONZALEZ ESCOTO,10741,ERNESTO GUERRA MOTA,True,https://portalanterior.ine.mx/archivos2/portal/Elecciones/2016/PELocales/tipo/unica/CdMex/CandidatasyCandidatos/detalle.html#!/Candidato/10741
ENCUENTRO SOCIAL,JIMENA MONTSERRAT HERNANDEZ GUTIERREZ,11108,JAZMIN FABIOLA ALMAZAN GUILLEN,True,https://portalanterior.ine.mx/archivos2/portal/Elecciones/2016/PELocales/tipo/unica/CdMex/CandidatasyCandidatos/detalle.html#!/Candidato/11108
ENCUENTRO SOCIAL,CLAUDIO CARRILLO RAMOS,,ANDRES AMADOR NAVARRO,False,
ENCUENTRO SOCIAL,EVA SORALLA PORTILLO FIGUEROA,11110,EDELMIRA GONZALEZ RIVERA,True,https://portalanterior.ine.mx/archivos2/portal/Elecciones/2016/PELocales/tipo/unica/CdMex/CandidatasyCandidatos/detalle.html#!/Candidato/11110
ENCUENTRO SOCIAL,NAHUM NAVAS RUIZ,10757,JESUS COLUNGA BERNAL,True,https://portalanterior.ine.mx/archivos2/portal/Elecciones/2016/PELocales/tipo/unica/CdMex/CandidatasyCandidatos/detalle.html#!/Candidato/10757
ENCUENTRO SOCIAL,ALMA ROSA CAMPOS ROJAS,11071,ISABEL RAMIREZ GARCES,True,https://portalanterior.ine.mx/archivos2/portal/Elecciones/2016/PELocales/tipo/unica/CdMex/CandidatasyCandidatos/detalle.html#!/Candidato/11071
ENCUENTRO SOCIAL,OMAR ZUÑIGA LOZANO,10695,ENRIQUE RIOS RANGEL,True,https://portalanterior.ine.mx/archivos2/portal/Elecciones/2016/PELocales/tipo/unica/CdMex/CandidatasyCandidatos/detalle.html#!/Candidato/10695
ENCUENTRO SOCIAL,ESPERANZA PARDO FLORES,,BEATRIZ ARAY PALOMINO GARCIA,False,
ENCUENTRO SOCIAL,JUAN GUILLERMO MORALES FRAGOSO,10705,OSCAR FELIPE MORALES FRAGOSO,True,https://portalanterior.ine.mx/archivos2/portal/Elecciones/2016/PELocales/tipo/unica/CdMex/CandidatasyCandidatos/detalle.html#!/Candidato/10705
ENCUENTRO SOCIAL,MARIA ELEAZAR MONTIEL LARA,,ESPERANZA HERNANDEZ ESCORCIA,False,
ENCUENTRO SOCIAL,MIGUEL ANGEL ORTIZ LOPEZ,10719,HILARIO MANUEL MONROY BARRERA,True,https://portalanterior.ine.mx/archivos2/portal/Elecciones/2016/PELocales/tipo/unica/CdMex/CandidatasyCandidatos/detalle.html#!/Candidato/10719
ENCUENTRO SOCIAL,ALMA ANGELICA SANCHEZ HERNANDEZ,10725,SUSANA TREJO HERNANDEZ,True,https://portalanterior.ine.mx/archivos2/portal/Elecciones/2016/PELocales/tipo/unica/CdMex/CandidatasyCandidatos/detalle.html#!/Candidato/10725
ENCUENTRO SOCIAL,ERNESTO DEL TORO GARCIA,,ELISEO SALVADOR REYES HERNANDEZ,False,
ENCUENTRO SOCIAL,MARIA DEL PILAR CANALES VALDES,10733,MARIA DEL PILAR EDITH CALVO ALGARIN,True,https://portalanterior.ine.mx/archivos2/portal/Elecciones/2016/PELocales/tipo/unica/CdMex/CandidatasyCandidatos/detalle.html#!/Candidato/10733
ENCUENTRO SOCIAL,RICARDO AVILA ARAUJO,,CESAR ALEJANDRO HERNANDEZ RIVERA,False,
ENCUENTRO SOCIAL,ADRIANA MARTINEZ SANTILLAN,10739,CELIA RODRIGUEZ CHAVEZ,True,https://portalanterior.ine.mx/archivos2/portal/Elecciones/2016/PELocales/tipo/unica/CdMex/CandidatasyCandidatos/detalle.html#!/Candidato/10739
ENCUENTRO SOCIAL,AMARANTO JIMENEZ DOMINGUEZ,,JESUS IVAN MATEO GARCIA,False,
ENCUENTRO SOCIAL,MYRNA YAZMIN GUZMAN MALDONADO,,VALERIA ALEJANDRA REBOLLO GUZMAN,False,
ENCUENTRO SOCIAL,MIGUEL ANGEL MEDINA ZENON,,CANEK PAVEL FLORES CHAVESTE,False,
ENCUENTRO SOCIAL,BRENDA GREYC NEGRETE ROSAS,10755,ELVIA HERNANDEZ CASTILLO,True,https://portalanterior.ine.mx/archivos2/portal/Elecciones/2016/PELocales/tipo/unica/CdMex/CandidatasyCandidatos/detalle.html#!/Candidato/10755
ENCUENTRO SOCIAL,ALFREDO ISMAEL ROMAN MASSO,10759,NOE JOEL CONTRERAS SORIANO,True,https://portalanterior.ine.mx/archivos2/portal/Elecciones/2016/PELocales/tipo/unica/CdMex/CandidatasyCandidatos/detalle.html#!/Candidato/10759
ENCUENTRO SOCIAL,NORMA ANGELICA DIAZ GOMEZ,,ANA MARIA SALDAÑA ORTIZ,False,
ENCUENTRO SOCIAL,CARLOS AVILES GUTIERREZ,,ALEJANDRO DANIEL PARAMO ROSAS,False,
ENCUENTRO SOCIAL,VIOLETA ORENCIO AGUIRRE,10769,CONCEPCION CRUZ AGUILA,True,https://portalanterior.ine.mx/archivos2/portal/Elecciones/2016/PELocales/tipo/unica/CdMex/CandidatasyCandidatos/detalle.html#!/Candidato/10769
ENCUENTRO SOCIAL,JHONATAN ADRIAN TELLEZ FLORES,10773,OSCAR EULOGIO RIVAS,True,https://portalanterior.ine.mx/archivos2/portal/Elecciones/2016/PELocales/tipo/unica/CdMex/CandidatasyCandidatos/detalle.html#!/Candidato/10773
ENCUENTRO SOCIAL,MARTHA ADRIANA AMAYA CASIO,10777,XHIOMARA ESTELA TATENCO IÑIGUEZ,True,https://portalanterior.ine.mx/archivos2/portal/Elecciones/2016/PELocales/tipo/unica/CdMex/CandidatasyCandidatos/detalle.html#!/Candidato/10777
ENCUENTRO SOCIAL,RAUL ERNESTO MEJIA CRUZ,,LUIS FLORES TOVAR,False,
ENCUENTRO SOCIAL,ELSA MARIA FLORES GALLARDO,10771,ILSE MONSERRAT LOPEZ RAMIREZ,True,https://portalanterior.ine.mx/archivos2/portal/Elecciones/2016/PELocales/tipo/unica/CdMex/CandidatasyCandidatos/detalle.html#!/Candidato/10771
ENCUENTRO SOCIAL,JOSE ANTONIO GARCIA CRUZ,,ANDRES HERNANDEZ RUIZ,False,
ENCUENTRO SOCIAL,GRACIELA SERRANO HERNANDEZ,,KAREN LIZETH MACEDO SERRANO,False,
ENCUENTRO SOCIAL,ARTURO ALBERTO SOTOMAYOR PONZANELLI,,ALEJANDRO RIOJA RIVERA,False,
ENCUENTRO SOCIAL,MA DEL ROCIO AVONCE TRUJILLO,10783,SANDRA XIOMARA ALEJANDRO SANDOVAL,True,https://portalanterior.ine.mx/archivos2/portal/Elecciones/2016/PELocales/tipo/unica/CdMex/CandidatasyCandidatos/detalle.html#!/Candidato/10783
ENCUENTRO SOCIAL,FERNANDO VALENCIA BRAVO,,FERNANDO MARTIÑON FUNES,False,
ENCUENTRO SOCIAL,ROSALINDA GUTIERREZ ROMAN,10787,NORMA PATRICIA GARCIA ROSAS,True,https://portalanterior.ine.mx/archivos2/portal/Elecciones/2016/PELocales/tipo/unica/CdMex/CandidatasyCandidatos/detalle.html#!/Candidato/10787
ENCUENTRO SOCIAL,PEDRO EDUARDO CONTRERAS ALVAREZ,,CHRISTIAN DE LEON GONZALEZ,False,
ENCUENTRO SOCIAL,ANA JUDITH VARGAS PADILLA,10761,NAYELI CAMARGO MARTINEZ,True,https://portalanterior.ine.mx/archivos2/portal/Elecciones/2016/PELocales/tipo/unica/CdMex/CandidatasyCandidatos/detalle.html#!/Candidato/10761
ENCUENTRO SOCIAL,GABRIEL RICARDO ROJAS CERVANTES,10791,LORENZO RODOLFO ROSAS ALVARADO,True,https://portalanterior.ine.mx/archivos2/portal/Elecciones/2016/PELocales/tipo/unica/CdMex/CandidatasyCandidatos/detalle.html#!/Candidato/10791
ENCUENTRO SOCIAL,MARGARITA ISABEL VILLALBA CAMACHO,10795,ALEJANDRA ITZEL PEREZ MALDONADO,True,https://portalanterior.ine.mx/archivos2/portal/Elecciones/2016/PELocales/tipo/unica/CdMex/CandidatasyCandidatos/detalle.html#!/Candidato/10795
ENCUENTRO SOCIAL,ENRIQUE FREGOSO URBINA,10799,NESTOR SERNA RODRIGUEZ,True,https://portalanterior.ine.mx/archivos2/portal/Elecciones/2016/PELocales/tipo/unica/CdMex/CandidatasyCandidatos/detalle.html#!/Candidato/10799
ENCUENTRO SOCIAL,ELIZABETH GARCIA SOTO,,MAYOLA SIERRA ARENAS,False,
ENCUENTRO SOCIAL,ALARII JERONIMO MIJANGOS,10813,ALAN EDUARDO HERNANDEZ BARRERA,True,https://portalanterior.ine.mx/archivos2/portal/Elecciones/2016/PELocales/tipo/unica/CdMex/CandidatasyCandidatos/detalle.html#!/Candidato/10813
ENCUENTRO SOCIAL,HILDA RAMIREZ MORALES,,ELODIA CRUZ LARA,False,
ENCUENTRO SOCIAL,CARLOS ALBERTO TORRES HIDALGO,10823,JORGE GRANADOS SANCHEZ,True,https://portalanterior.ine.mx/archivos2/portal/Elecciones/2016/PELocales/tipo/unica/CdMex/CandidatasyCandidatos/detalle.html#!/Candidato/10823
ENCUENTRO SOCIAL,INDIRA TORRES GARCIA,10829,CLAUDIA CASTAÑEDA NICOLAS,True,https://portalanterior.ine.mx/archivos2/portal/Elecciones/2016/PELocales/tipo/unica/CdMex/CandidatasyCandidatos/detalle.html#!/Candidato/10829
ENCUENTRO SOCIAL,JESUS FIGUEROA ALCANTARA,,MARCELINO ZAMORA DEL ANGEL,False,
ENCUENTRO SOCIAL,PAOLA OSIRIS AVILA ARREOLA,10841,MYTZY CITLALY ROSAS PEDRAZA,True,https://portalanterior.ine.mx/archivos2/portal/Elecciones/2016/PELocales/tipo/unica/CdMex/CandidatasyCandidatos/detalle.html#!/Candidato/10841
ENCUENTRO SOCIAL,GILBERTO CASTELLANOS CASTILLO,,JOSE LUIS RAMOS ALCANTARA,False,
ENCUENTRO SOCIAL,IVETTE FABIOLA OJEDA ARRIAGA,,DENYS ERNESTINA SUAREZ PAREDES,False,
ENCUENTRO SOCIAL,JORGE SALAS GUTIERREZ,10803,MIGUEL ANGEL CRUZ AGUILA,True,https://portalanterior.ine.mx/archivos2/portal/Elecciones/2016/PELocales/tipo/unica/CdMex/CandidatasyCandidatos/detalle.html#!/Candidato/10803
ENCUENTRO SOCIAL,REYNA GIOVANNA GOMEZ FONSECA,,GIOVANA MONSERRAT JIMENEZ RIVERA,False,
ENCUENTRO SOCIAL,FRANCISCO ALVAREZ GONZALEZ,10817,EDGAR PALACIOS OSORIO,True,https://portalanterior.ine.mx/archivos2/portal/Elecciones/2016/PELocales/tipo/unica/CdMex/CandidatasyCandidatos/detalle.html#!/Candidato/10817
ENCUENTRO SOCIAL,ARELI GENOVEVA HERNANDEZ GONZALEZ,,MARICARMEN TOVAR GARCIA,False,
ENCUENTRO SOCIAL,ALEJANDRO HURTADO DURAN,,MARIO ABEL GAZAL RODRIGUEZ,False,
ENCUENTRO SOCIAL,ANGELICA JUANITA FIERROS SOLANO,,IVON ESCUDERO GUTIERREZ,False,
ENCUENTRO SOCIAL,SILVERIO MARTINEZ MARTINEZ,,LINO HERNANDEZ RAMIREZ,False,
ENCUENTRO SOCIAL,NAHOMI PEREZ ALVIZO,10843,SANDRA GUADALUPE MALAGON LARA,True,https://portalanterior.ine.mx/archivos2/portal/Elecciones/2016/PELocales/tipo/unica/CdMex/CandidatasyCandidatos/detalle.html#!/Candidato/10843
INDEPENDIENTE,ALEJANDRO DE SANTIAGO PALOMARES SAENZ,,MIGUEL ANGEL MONTERDE ALARCON,False,
INDEPENDIENTE,ALEXIS EMILIANO ORTA SALGADO,,DORA ELENA LEON OCHOA,False,
INDEPENDIENTE,ALVARO LUNA PACHECO,11123,EDITH CRUZ HERNANDEZ,True,https://portalanterior.ine.mx/archivos2/portal/Elecciones/2016/PELocales/tipo/unica/CdMex/CandidatasyCandidatos/detalle.html#!/Candidato/11123
INDEPENDIENTE,ANA ZELTZIN ZITLALLI MORALES FLORES,,ARIADNA YAZMIN RAMIREZ MOCTEZUMA,False,
INDEPENDIENTE,BLANCA IVETH MAYORGA BASURTO,11135,MARIA DEL CARMEN DIAZ HERNANDEZ,True,https://portalanterior.ine.mx/archivos2/portal/Elecciones/2016/PELocales/tipo/unica/CdMex/CandidatasyCandidatos/detalle.html#!/Candidato/11135
INDEPENDIENTE,ELSA DE GUADALUPE CONDE RODRIGUEZ ELSA CONDE,11127,ORFE CASTILLO OSORIO,True,https://portalanterior.ine.mx/archivos2/portal/Elecciones/2016/PELocales/tipo/unica/CdMex/CandidatasyCandidatos/detalle.html#!/Candidato/11127
INDEPENDIENTE,ENRIQUE PEREZ CORREA,,ESTHER SILVIA SANCHEZ BARRIOS,False,
INDEPENDIENTE,FERNANDO HIRAM ZURITA JIMENEZ,11081,GABRIELA SALGADO CALDERON,True,https://portalanterior.ine.mx/archivos2/portal/Elecciones/2016/PELocales/tipo/unica/CdMex/CandidatasyCandidatos/detalle.html#!/Candidato/11081
INDEPENDIENTE,GERARDO CLETO LOPEZ BECERRA CLETO,11085,GERARDO GUILLERMO REYES GUIZAR,True,https://portalanterior.ine.mx/archivos2/portal/Elecciones/2016/PELocales/tipo/unica/CdMex/CandidatasyCandidatos/detalle.html#!/Candidato/11085
INDEPENDIENTE,ISMAEL FIGUEROA FLORES,,HORACIO GAMALIEL GUERRERO MARTINEZ,False,
INDEPENDIENTE,JORGE EDUARDO PASCUAL LOPEZ,,ALMA TANIA VITE TORRES,False,
INDEPENDIENTE,JUAN MARTIN SANDOVAL DE ESCURDIA,,VALENTIN DE LA ROSA SANCHEZ,False,
INDEPENDIENTE,JULIO CAZARES RIOS,,NESTOR JAVIER LARIZ MEDINA,False,
INDEPENDIENTE,LORENA OSORNIO ELIZONDO,,XANY URIBE VILLANUEVA,False,
INDEPENDIENTE,MARTHA PATRICIA PATIÑO FIERRO PATY PATIÑO,,SANDRA CAROLINA GIL LAMADRID GRAJALES,False,
INDEPENDIENTE,NATALIA EUGENIA CALLEJAS GUERRERO,,ARELI ZARAI ROJAS RIVERA,False,
INDEPENDIENTE,NAZARIO NORBERTO SANCHEZ,,JESUS ANDRES AVILA JIMENEZ,False,
INDEPENDIENTE,RICARDO ANDRES PASCOE PIERCE,,FACUNDO GONZALEZ BARCENAS,False,
INDEPENDIENTE,SERGIO ABRAHAM MENDEZ MOISSEN,,JUANA MIRNA SULEM ESTRADA SALDAÑA,False,
INDEPENDIENTE,SERGIO GABRIEL GARCIA COLORADO,,ALAN ADOLFO GOMEZ TRUJILLO,False,
INDEPENDIENTE,XAVIER GONZALEZ ZIRION,11077,IGNACIO GILBERTO CASTELAN GASCA,True,https://portalanterior.ine.mx/archivos2/portal/Elecciones/2016/PELocales/tipo/unica/CdMex/CandidatasyCandidatos/detalle.html#!/Candidato/11077
